X,Y,cartodb_id,province,municipali
-3.86096909067007,40.3035004965,135,Madrid,Móstoles
-3.76468821025004,40.2265882732,669,Madrid,Parla
-3.86036079470007,40.319329288,699,Madrid,Móstoles
-3.76457477876004,40.3946235746,806,Madrid,Madrid
-3.89906878386008,40.4100234345,1121,Madrid,Boadilla del Monte
-3.62648392357001,40.1562884483,197,Madrid,Ciempozuelos
-3.86414180256007,40.4479516424,301,Madrid,Majadahonda
-4.00388424521014,40.4462988248999,367,Madrid,Villanueva de la Cañada
-3.86211977585007,40.3250802944,611,Madrid,Móstoles
-3.86972378235007,40.3084283488,930,Madrid,Móstoles
-3.71695901867003,40.4471243702,1458,Madrid,Madrid
-3.85950228869006,40.4441953035,1,Madrid,Pozuelo de Alarcón
-3.85597392721006,40.4667694316,2,Madrid,Majadahonda
-3.86847328994007,40.4731129931,3,Madrid,Majadahonda
-3.87375099315007,40.4663719182,4,Madrid,Majadahonda
-3.87375099315007,40.4663719182,5,Madrid,Majadahonda
-3.87537494157007,40.4681577804,6,Madrid,Majadahonda
-3.72252601388003,40.3899494223,7,Madrid,Madrid
-4.00750127711015,40.6422261851999,8,Madrid,Collado Villalba
-4.00750127711015,40.6422261851999,9,Madrid,Collado Villalba
-3.94654146539011,40.4651074525,10,Madrid,Villanueva de la Cañada
-3.88540771264008,40.4023040597,11,Madrid,Boadilla del Monte
-3.88540771264008,40.4023040597,12,Madrid,Boadilla del Monte
-3.88540771264008,40.4023040597,13,Madrid,Boadilla del Monte
-3.88540771264008,40.4023040597,14,Madrid,Boadilla del Monte
-3.65231150848002,40.4977939009,15,Madrid,Madrid
-3.65231150848002,40.4977939009,16,Madrid,Madrid
-3.69672557931002,40.383160906,17,Madrid,Madrid
-3.69672557931002,40.383160906,18,Madrid,Madrid
-3.69672557931002,40.383160906,19,Madrid,Madrid
-3.69672557931002,40.383160906,20,Madrid,Madrid
-3.69672557931002,40.383160906,21,Madrid,Madrid
-3.69582222666002,40.3818772233,22,Madrid,Madrid
-3.88369010399007,40.4730598132,23,Madrid,Majadahonda
-3.88369010399007,40.4730598132,24,Madrid,Majadahonda
-3.88369010399007,40.4730598132,25,Madrid,Majadahonda
-3.88369010399007,40.4730598132,26,Madrid,Majadahonda
-3.87708032621007,40.4737314512,27,Madrid,Majadahonda
-3.81696589833005,40.451300179,28,Madrid,Pozuelo de Alarcón
-3.81696589833005,40.451300179,29,Madrid,Pozuelo de Alarcón
-3.66624494770002,40.480733219,30,Madrid,Madrid
-3.80876154931005,40.4556312728,31,Madrid,Pozuelo de Alarcón
-3.80876154931005,40.4556312728,32,Madrid,Pozuelo de Alarcón
-3.91346409116009,40.363145015,33,Madrid,Villaviciosa de Odón
-3.66640647308002,40.4967065476,34,Madrid,Madrid
-3.86066639987006,40.3270050069,35,Madrid,Móstoles
-3.85829595775006,40.3321342394,36,Madrid,Móstoles
-3.78300858879004,40.4096484663,37,Madrid,Pozuelo de Alarcón
-3.65288307556002,40.4431158235,38,Madrid,Madrid
-3.65288307556002,40.4431158235,39,Madrid,Madrid
-3.71279720457002,40.4812219531,40,Madrid,Madrid
-3.71279720457002,40.4812219531,41,Madrid,Madrid
-3.71279720457002,40.4812219531,42,Madrid,Madrid
-3.66640647308002,40.4967065476,43,Madrid,Madrid
-3.66640647308002,40.4967065476,44,Madrid,Madrid
-3.63968616874001,40.5578358801,45,Madrid,San Sebastián de los Reyes
-3.63968616874001,40.5578358801,46,Madrid,San Sebastián de los Reyes
-3.63968616874001,40.5578358801,47,Madrid,San Sebastián de los Reyes
-3.63968616874001,40.5578358801,48,Madrid,San Sebastián de los Reyes
-3.85572524248006,40.3271759624,49,Madrid,Móstoles
-3.86847328994007,40.4731129931,50,Madrid,Majadahonda
-3.79016867615004,40.4399031725,51,Madrid,Pozuelo de Alarcón
-3.79016867615004,40.4399031725,52,Madrid,Pozuelo de Alarcón
-3.78925160093004,40.4451747938,53,Madrid,Pozuelo de Alarcón
-3.96195764283011,40.4903203810999,54,Madrid,Villanueva del Pardillo
-3.87069265705007,40.4474126794,55,Madrid,Majadahonda
-3.85875961657006,40.4466390361,56,Madrid,Majadahonda
-3.87069265705007,40.4474126794,57,Madrid,Majadahonda
-3.75462190277003,40.3625716232,58,Madrid,Madrid
-3.76284116899004,40.3649620616,59,Madrid,Madrid
-3.74671984120003,40.3634173919,60,Madrid,Madrid
-4.04114225900017,40.6592137639999,61,Madrid,Alpedrete
-4.04114225900017,40.6592137639999,62,Madrid,Alpedrete
-3.82781919434005,40.339993965,63,Madrid,Alcorcón
-3.78120478064004,40.4051122106,64,Madrid,Pozuelo de Alarcón
-3.78120478064004,40.4051122106,65,Madrid,Pozuelo de Alarcón
-3.78120478064004,40.4051122106,66,Madrid,Pozuelo de Alarcón
-3.86620594115007,40.469043647,67,Madrid,Majadahonda
-3.78895765491004,40.4472300345,68,Madrid,Madrid
-3.78895765491004,40.4472300345,69,Madrid,Madrid
-3.78083016381004,40.4470392162,70,Madrid,Madrid
-3.85875961657006,40.4466390361,71,Madrid,Majadahonda
-3.86492270703007,40.3271227689,72,Madrid,Móstoles
-3.87658416748007,40.4734514825,73,Madrid,Majadahonda
-3.86878269628007,40.4752313178,74,Madrid,Majadahonda
-3.86898056931007,40.4768845454,75,Madrid,Majadahonda
-3.86847328994007,40.4731129931,76,Madrid,Majadahonda
-3.86847328994007,40.4731129931,77,Madrid,Majadahonda
-3.86847328994007,40.4731129931,78,Madrid,Majadahonda
-3.86847328994007,40.4731129931,79,Madrid,Majadahonda
-3.86843868562007,40.4728814343,80,Madrid,Majadahonda
-3.86691366080007,40.4640220199,81,Madrid,Majadahonda
-3.86666269233007,40.4629736305,82,Madrid,Majadahonda
-3.78591121044004,40.446523586,83,Madrid,Madrid
-3.80210334763005,40.4341266516,84,Madrid,Pozuelo de Alarcón
-3.80210334763005,40.4341266516,85,Madrid,Pozuelo de Alarcón
-3.78721195151004,40.2835660938,86,Madrid,Fuenlabrada
-4.00006951056014,40.4450379483999,87,Madrid,Villanueva de la Cañada
-3.99951350570014,40.4491910526999,88,Madrid,Villanueva de la Cañada
-3.99951350570014,40.4491910526999,89,Madrid,Villanueva de la Cañada
-4.00092534360014,40.4444485220999,90,Madrid,Villanueva de la Cañada
-3.87148717012007,40.4802406459,91,Madrid,Majadahonda
-3.87040765500007,40.4800458207,92,Madrid,Majadahonda
-3.87469567906007,40.4808089402,93,Madrid,Majadahonda
-3.87469567906007,40.4808089402,94,Madrid,Majadahonda
-3.89603108551008,40.4075233985,95,Madrid,Boadilla del Monte
-3.89573984174008,40.4078526468,96,Madrid,Boadilla del Monte
-3.89573984174008,40.4078526468,97,Madrid,Boadilla del Monte
-3.89573984174008,40.4078526468,98,Madrid,Boadilla del Monte
-3.99828065133014,40.4358407255999,99,Madrid,Villanueva de la Cañada
-3.80151409458005,40.3542266178,100,Madrid,Alcorcón
-3.78120478064004,40.4051122106,101,Madrid,Pozuelo de Alarcón
-3.86680968440007,40.4692794216,102,Madrid,Majadahonda
-3.72254419048003,40.4091161778,103,Madrid,Madrid
-3.70311602109002,40.5032044929,104,Madrid,Madrid
-3.63317046283001,40.560142993,105,Madrid,San Sebastián de los Reyes
-3.82781919434005,40.339993965,106,Madrid,Alcorcón
-3.62378178529001,40.4577984422,107,Madrid,Madrid
-3.86800078605007,40.4747029393,108,Madrid,Majadahonda
-3.66640647308002,40.4967065476,143,Madrid,Madrid
-3.94992054907011,40.4881829568999,109,Madrid,Villanueva del Pardillo
-3.95151649961011,40.4888375117999,110,Madrid,Villanueva del Pardillo
-3.95151649961011,40.4888375117999,111,Madrid,Villanueva del Pardillo
-3.91165926231009,40.362309622,112,Madrid,Villaviciosa de Odón
-3.89300292700008,40.352420501,113,Madrid,Villaviciosa de Odón
-3.87201892471007,40.4755681858,114,Madrid,Majadahonda
-3.86621048094007,40.4609438219,115,Madrid,Majadahonda
-3.99973376700014,40.4396765099999,116,Madrid,Villanueva de la Cañada
-3.99828065133014,40.4358407255999,117,Madrid,Villanueva de la Cañada
-3.79186496948004,40.4169197418,118,Madrid,Pozuelo de Alarcón
-3.79186496948004,40.4169197418,119,Madrid,Pozuelo de Alarcón
-3.76020188497003,40.224180329,120,Madrid,Parla
-3.91549178200009,40.2911148809999,121,Madrid,Arroyomolinos
-3.98107070800013,40.2995567799999,122,Madrid,Navalcarnero
-3.85591479068006,40.3276970124,123,Madrid,Móstoles
-3.85572524248006,40.3271759624,124,Madrid,Móstoles
-3.92178393200009,40.2824917649999,125,Madrid,Arroyomolinos
-3.86172106668007,40.3261483514,126,Madrid,Móstoles
-3.83810961248006,40.2987355188,127,Madrid,Fuenlabrada
-3.86373037892007,40.3274758141,128,Madrid,Móstoles
-3.86373037892007,40.3274758141,129,Madrid,Móstoles
-3.86373037892007,40.3274758141,130,Madrid,Móstoles
-3.85572524248006,40.3271759624,131,Madrid,Móstoles
-3.86156916716007,40.3273625656,132,Madrid,Móstoles
-3.86674364109007,40.3259945382,133,Madrid,Móstoles
-3.9273618790001,40.275569213,134,Madrid,Arroyomolinos
-3.75154004928003,40.3460493554,136,Madrid,Leganés
-3.75154004928003,40.3460493554,137,Madrid,Leganés
-3.86674364109007,40.3259945382,138,Madrid,Móstoles
-3.86682698195007,40.3044882655,139,Madrid,Móstoles
-3.85688068966006,40.3144930973,140,Madrid,Móstoles
-3.86177193474007,40.3265965102,646,Madrid,Móstoles
-3.85728315185006,40.3266447506,141,Madrid,Móstoles
-3.85708617581006,40.3265172383,142,Madrid,Móstoles
-3.86381145641007,40.3140246362,144,Madrid,Móstoles
-3.78451517916004,40.4451407967,145,Madrid,Madrid
-3.92352318500009,40.2812065489999,146,Madrid,Arroyomolinos
-3.88033571286007,40.4788803715,147,Madrid,Majadahonda
-3.88033571286007,40.4788803715,148,Madrid,Majadahonda
-3.86205665205007,40.3254853891,149,Madrid,Móstoles
-3.86075562018007,40.3266115268,150,Madrid,Móstoles
-3.86059708805007,40.3267405692,151,Madrid,Móstoles
-3.86132323429007,40.3261469578,152,Madrid,Móstoles
-3.62345089340001,40.5636124509,153,Madrid,San Sebastián de los Reyes
-4.00514706900014,40.3024691009999,154,Madrid,Navalcarnero
-4.04114225900017,40.6592137639999,155,Madrid,Alpedrete
-3.91858058200009,40.28258437,156,Madrid,Arroyomolinos
-3.86066265082007,40.3067401153,157,Madrid,Móstoles
-3.82072251921005,40.2904634727,158,Madrid,Fuenlabrada
-3.78468819623004,40.29385404,159,Madrid,Fuenlabrada
-3.78468819623004,40.29385404,160,Madrid,Fuenlabrada
-3.78468819623004,40.29385404,161,Madrid,Fuenlabrada
-3.78468819623004,40.29385404,162,Madrid,Fuenlabrada
-3.78468819623004,40.29385404,163,Madrid,Fuenlabrada
-3.92273869744009,40.3096557933,164,Madrid,Móstoles
-3.92273869744009,40.3096557933,165,Madrid,Móstoles
-3.9284835460501,40.3072645047,166,Madrid,Móstoles
-3.9284835460501,40.3072645047,167,Madrid,Móstoles
-3.9278014469501,40.3059619632,168,Madrid,Móstoles
-4.02554742576016,40.2823159461999,169,Madrid,Navalcarnero
-3.92589169400009,40.2766163869999,170,Madrid,Arroyomolinos
-3.86492270703007,40.3271227689,171,Madrid,Móstoles
-3.86492270703007,40.3271227689,172,Madrid,Móstoles
-3.86511993475007,40.3271098921,173,Madrid,Móstoles
-3.85346429057006,40.2211602481,829,Madrid,Griñón
-3.86511993475007,40.3271098921,174,Madrid,Móstoles
-3.86511993475007,40.3271098921,175,Madrid,Móstoles
-3.87594265825007,40.4739335792,176,Madrid,Majadahonda
-3.69976074324002,40.2395794483,177,Madrid,Pinto
-3.69976074324002,40.2395794483,178,Madrid,Pinto
-3.78995492813004,40.4449017258,179,Madrid,Pozuelo de Alarcón
-3.78995492813004,40.4449017258,180,Madrid,Pozuelo de Alarcón
-3.79293372643004,40.2854503502,181,Madrid,Fuenlabrada
-3.83810961248006,40.2987355188,182,Madrid,Fuenlabrada
-3.88172074076007,40.4784286924,183,Madrid,Majadahonda
-3.67051091402002,40.4115445885,184,Madrid,Madrid
-3.88378711034008,40.3286572202,185,Madrid,Móstoles
-3.86355837833007,40.3104290034,186,Madrid,Móstoles
-3.64117806061001,40.3920949101,187,Madrid,Madrid
-3.86800078605007,40.4747029393,188,Madrid,Majadahonda
-3.86616501304007,40.4747261479,189,Madrid,Majadahonda
-3.86542340787007,40.3269972141,190,Madrid,Móstoles
-3.75412386153003,40.3348742436,191,Madrid,Leganés
-3.69874130322002,40.4488526091,192,Madrid,Madrid
-4.00518703802014,40.4392314626999,193,Madrid,Villanueva de la Cañada
-3.86682698195007,40.3044882655,194,Madrid,Móstoles
-4.00006951056014,40.4450379483999,195,Madrid,Villanueva de la Cañada
-3.64845370786001,40.4738741641,196,Madrid,Madrid
-3.71406373087003,40.4112251206,198,Madrid,Madrid
-3.71406373087003,40.4112251206,199,Madrid,Madrid
-3.71406373087003,40.4112251206,200,Madrid,Madrid
-4.02622767989016,40.6055855886999,201,Madrid,Galapagar
-4.25017514100044,40.5124865869997,202,Madrid,Robledo de Chavela
-4.25017514100044,40.5124865869997,203,Madrid,Robledo de Chavela
-4.25038400500044,40.5124565789997,204,Madrid,Robledo de Chavela
-3.85118171314006,40.478788187,205,Madrid,Las Rozas de Madrid
-3.85118171314006,40.478788187,206,Madrid,Las Rozas de Madrid
-3.85118171314006,40.478788187,207,Madrid,Las Rozas de Madrid
-3.72091796124003,40.4308242321,208,Madrid,Madrid
-3.78326950566004,40.4654662483,209,Madrid,Madrid
-3.89821139300008,40.4194581214,210,Madrid,Boadilla del Monte
-3.89821139300008,40.4194581214,211,Madrid,Boadilla del Monte
-3.87936566904007,40.4711830429,212,Madrid,Majadahonda
-3.87117992724007,40.4718525186,213,Madrid,Majadahonda
-3.87117992724007,40.4718525186,214,Madrid,Majadahonda
-3.87096024472007,40.4718017,215,Madrid,Majadahonda
-3.67704771263002,40.4720155665,216,Madrid,Madrid
-3.63283286700001,40.483404759,217,Madrid,Madrid
-3.76411020804004,40.2246183879,218,Madrid,Parla
-3.83856809889006,40.3321288202,219,Madrid,Alcorcón
-3.65242721835002,40.4308364685,220,Madrid,Madrid
-3.88418212429007,40.4060185621,221,Madrid,Boadilla del Monte
-3.65783366045002,40.3901384918,222,Madrid,Madrid
-3.78560515681004,40.3132588522,223,Madrid,Leganés
-3.78643480816004,40.3141327795,224,Madrid,Leganés
-3.78742518411004,40.3126738583,225,Madrid,Leganés
-3.78643480816004,40.3141327795,226,Madrid,Leganés
-3.78742518411004,40.3126738583,227,Madrid,Leganés
-3.80090042136005,40.3550178125,228,Madrid,Alcorcón
-3.86285513142007,40.3145599015999,229,Madrid,Móstoles
-3.80127721157004,40.4081277995,230,Madrid,Pozuelo de Alarcón
-3.85932705258007,40.4447790489,231,Madrid,Majadahonda
-3.87373132330007,40.4663645042,232,Madrid,Majadahonda
-3.87335703409007,40.4669142402,233,Madrid,Majadahonda
-3.67670441522002,40.4675539252,234,Madrid,Madrid
-3.69793301949002,40.4377628061,235,Madrid,Madrid
-3.69672557931002,40.383160906,236,Madrid,Madrid
-3.69582222666002,40.3818772233,237,Madrid,Madrid
-3.69582222666002,40.3818772233,238,Madrid,Madrid
-3.69582222666002,40.3818772233,239,Madrid,Madrid
-3.88369010399007,40.4730598132,240,Madrid,Majadahonda
-3.88369010399007,40.4730598132,241,Madrid,Majadahonda
-3.88369010399007,40.4730598132,242,Madrid,Majadahonda
-3.67220417730002,40.4826127902,243,Madrid,Madrid
-3.88211106769007,40.4027989185,244,Madrid,Boadilla del Monte
-3.88211106769007,40.4027989185,245,Madrid,Boadilla del Monte
-3.88211106769007,40.4027989185,246,Madrid,Boadilla del Monte
-3.66619021274002,40.4684348271,247,Madrid,Madrid
-3.69509121119002,40.4939774117,248,Madrid,Madrid
-3.74260407552003,40.4070951682,249,Madrid,Madrid
-3.87979354594007,40.4615665456,250,Madrid,Majadahonda
-3.87979354594007,40.4615665456,251,Madrid,Majadahonda
-4.02716593600016,40.6587296969999,252,Madrid,Alpedrete
-3.89815971783008,40.4198748761,253,Madrid,Boadilla del Monte
-3.83364744470006,40.3519879019,254,Madrid,Alcorcón
-3.87096024472007,40.4718017,255,Madrid,Majadahonda
-3.96150537100011,40.4953118499999,256,Madrid,Villanueva del Pardillo
-3.96150537100011,40.4953118499999,257,Madrid,Villanueva del Pardillo
-3.88520569286008,40.2012832679,258,Madrid,Serranillos del Valle
-3.67224762044002,40.4006511011,259,Madrid,Madrid
-3.48749274696,40.3677489305,260,Madrid,Velilla de San Antonio
-3.86948617501007,40.475373766,261,Madrid,Majadahonda
-3.87104054048007,40.4747199412,262,Madrid,Majadahonda
-4.00278798106014,40.5772692111999,263,Madrid,Galapagar
-3.96219081701012,40.4904243320999,264,Madrid,Villanueva del Pardillo
-4.05333477700018,40.4294781149999,265,Madrid,Quijorna
-3.86330702813007,40.461475339,266,Madrid,Majadahonda
-3.99593450579014,40.4423751904999,267,Madrid,Villanueva de la Cañada
-3.99593450579014,40.4423751904999,268,Madrid,Villanueva de la Cañada
-3.99593450579014,40.4423751904999,269,Madrid,Villanueva de la Cañada
-3.99593450579014,40.4423751904999,270,Madrid,Villanueva de la Cañada
-3.66060972166002,40.3252774569,271,Madrid,Getafe
-3.87604412088007,40.4714547809,272,Madrid,Majadahonda
-3.87604412088007,40.4714547809,273,Madrid,Majadahonda
-3.67503080945002,40.4465385998,307,Madrid,Madrid
-3.96311605357012,40.4876685686,274,Madrid,Villanueva del Pardillo
-3.81252960584005,40.4350378757,275,Madrid,Pozuelo de Alarcón
-3.87604432725007,40.4729962328,276,Madrid,Majadahonda
-3.87604432725007,40.4729962328,277,Madrid,Majadahonda
-3.87569438621007,40.4727754857,278,Madrid,Majadahonda
-4.00996278224015,40.4485698045999,279,Madrid,Villanueva de la Cañada
-3.90365087500008,40.272380288,280,Madrid,Arroyomolinos
-3.71450503834003,40.473370695,281,Madrid,Madrid
-3.87271101780007,40.4741633594,282,Madrid,Majadahonda
-3.87071002151007,40.4739930509,283,Madrid,Majadahonda
-3.87071002151007,40.4739930509,284,Madrid,Majadahonda
-3.86000344629006,40.4708964674,285,Madrid,Majadahonda
-3.86000344629006,40.4708964674,286,Madrid,Majadahonda
-3.87452335722007,40.4740857224,287,Madrid,Majadahonda
-3.86000344629006,40.4708964674,288,Madrid,Majadahonda
-3.86988036165007,40.4737995009,289,Madrid,Majadahonda
-3.87384300402007,40.4741706804,290,Madrid,Majadahonda
-3.87384300402007,40.4741706804,291,Madrid,Majadahonda
-3.87384300402007,40.4741706804,292,Madrid,Majadahonda
-3.87384300402007,40.4741706804,293,Madrid,Majadahonda
-3.81425209860005,40.4386024329,294,Madrid,Pozuelo de Alarcón
-3.56287395183001,40.4277207697,295,Madrid,Coslada
-3.86563444683007,40.4563949804,296,Madrid,Majadahonda
-3.99813339160014,40.4472551794999,297,Madrid,Villanueva de la Cañada
-3.67805298251002,40.4225227247,298,Madrid,Madrid
-3.87054066883007,40.4778651339,299,Madrid,Majadahonda
-3.80313124519005,40.437679805,300,Madrid,Pozuelo de Alarcón
-3.65496791633002,40.4072856136,302,Madrid,Madrid
-3.87207661760007,40.4696238808,303,Madrid,Majadahonda
-3.87063032980007,40.4708470158,304,Madrid,Majadahonda
-4.00093675321014,40.4456631290999,305,Madrid,Villanueva de la Cañada
-3.60964577409001,40.4887905031,306,Madrid,Madrid
-4.00346611932014,40.4094049506999,1320,Madrid,Brunete
-3.88601442598008,40.4535652552,308,Madrid,Majadahonda
-3.88942928079008,40.4070395078,309,Madrid,Boadilla del Monte
-3.86282520432007,40.4515510472,310,Madrid,Majadahonda
-3.86282520432007,40.4515510472,311,Madrid,Majadahonda
-3.86282520432007,40.4515510472,312,Madrid,Majadahonda
-3.86326364898007,40.4516080547,313,Madrid,Majadahonda
-3.86326364898007,40.4516080547,314,Madrid,Majadahonda
-3.86443064303007,40.4515454386,315,Madrid,Majadahonda
-3.86443064303007,40.4515454386,316,Madrid,Majadahonda
-3.87330495123007,40.4717212532,317,Madrid,Majadahonda
-3.87330495123007,40.4717212532,318,Madrid,Majadahonda
-3.88580229993008,40.4749727819,319,Madrid,Majadahonda
-3.87202444720007,40.4734685682,320,Madrid,Majadahonda
-3.89514459704008,40.4062915774,321,Madrid,Boadilla del Monte
-3.9404946170601,40.3857325145,322,Madrid,Villaviciosa de Odón
-3.74279646914003,40.4065728229,323,Madrid,Madrid
-3.64560358199002,40.5222283469,324,Madrid,Alcobendas
-3.87250670403007,40.4778865567,325,Madrid,Majadahonda
-3.67491610103002,40.4183372919,326,Madrid,Madrid
-3.87295990525007,40.4744913736,327,Madrid,Majadahonda
-4.01607577570015,40.5592170456999,328,Madrid,Colmenarejo
-4.01607577570015,40.5592170456999,329,Madrid,Colmenarejo
-3.86304599751007,40.4463631693,330,Madrid,Majadahonda
-3.86538517321007,40.4464127818,331,Madrid,Majadahonda
-3.88220017261007,40.4253468322,332,Madrid,Boadilla del Monte
-3.99987138333014,40.4358968070999,333,Madrid,Villanueva de la Cañada
-4.00458061625014,40.4492676545999,334,Madrid,Villanueva de la Cañada
-3.76762407577004,40.3391568672,335,Madrid,Leganés
-3.71445274601003,40.4377802773,336,Madrid,Madrid
-3.86484717861007,40.4483627475,337,Madrid,Majadahonda
-3.86484717861007,40.4483627475,338,Madrid,Majadahonda
-3.86189525422007,40.4482858125,339,Madrid,Majadahonda
-4.00346611932014,40.4094049506999,1321,Madrid,Brunete
-3.86189525422007,40.4482858125,340,Madrid,Majadahonda
-3.86189525422007,40.4482858125,341,Madrid,Majadahonda
-3.87387987599007,40.4734921241,342,Madrid,Majadahonda
-3.86228086863007,40.448295525,343,Madrid,Majadahonda
-3.72500547568003,40.4634355986,344,Madrid,Madrid
-3.72500547568003,40.4634355986,345,Madrid,Madrid
-3.72500547568003,40.4634355986,346,Madrid,Madrid
-4.01549475291015,40.5655314964999,347,Madrid,Colmenarejo
-3.89563618975008,40.4098530072,348,Madrid,Boadilla del Monte
-3.87604412088007,40.4714547809,349,Madrid,Majadahonda
-3.87604412088007,40.4714547809,350,Madrid,Majadahonda
-3.71343672934002,40.4765733788,351,Madrid,Madrid
-3.71754181029003,40.4753364399,352,Madrid,Madrid
-3.88871546139008,40.4521719721,353,Madrid,Majadahonda
-3.85286645186006,40.454213823,354,Madrid,Majadahonda
-3.82629501122005,40.4749235559,355,Madrid,Madrid
-3.87502730983007,40.4713050219,356,Madrid,Majadahonda
-3.96536150518012,40.4951424296999,357,Madrid,Villanueva del Pardillo
-3.87266006507007,40.4780534825,358,Madrid,Majadahonda
-3.86916204970007,40.4713526017,359,Madrid,Majadahonda
-4.12984798400026,40.6024591249999,360,Madrid,San Lorenzo de El Escorial
-4.00546190744014,40.4507397799999,361,Madrid,Villanueva de la Cañada
-4.00546190744014,40.4507397799999,362,Madrid,Villanueva de la Cañada
-4.00546190744014,40.4507397799999,363,Madrid,Villanueva de la Cañada
-4.00546190744014,40.4507397799999,364,Madrid,Villanueva de la Cañada
-3.86024754411006,40.4724040173,365,Madrid,Majadahonda
-3.86024754411006,40.4724040173,366,Madrid,Majadahonda
-4.00813655277015,40.4522817564999,368,Madrid,Villanueva de la Cañada
-3.85781329403006,40.4480297184,369,Madrid,Majadahonda
-3.57190210254001,40.4197806027,370,Madrid,Coslada
-3.59388703663001,40.3625206144,371,Madrid,Madrid
-3.86029369270006,40.4685287974,372,Madrid,Majadahonda
-3.86130375518007,40.4674971377,373,Madrid,Majadahonda
-3.71903985693003,40.4305977511,374,Madrid,Madrid
-3.87254921541007,40.4736232837,375,Madrid,Majadahonda
-3.87289288982007,40.4735543802,376,Madrid,Majadahonda
-3.5114217616,40.5015412483,377,Madrid,Paracuellos de Jarama
-3.5114217616,40.5015412483,378,Madrid,Paracuellos de Jarama
-3.88190929822007,40.4714006904,379,Madrid,Majadahonda
-3.96199097037011,40.4910137550999,380,Madrid,Villanueva del Pardillo
-3.87251750820007,40.4714968243,381,Madrid,Majadahonda
-3.61950689925001,40.3774550149,382,Madrid,Madrid
-3.61950689925001,40.3774550149,383,Madrid,Madrid
-3.63762369400001,40.175477585,384,Madrid,Ciempozuelos
-3.99849559032014,40.4395954929999,385,Madrid,Villanueva de la Cañada
-3.85112766948006,40.4539652621,386,Madrid,Majadahonda
-4.00937655601015,40.4489003222999,387,Madrid,Villanueva de la Cañada
-4.00937655601015,40.4489003222999,388,Madrid,Villanueva de la Cañada
-4.00937655601015,40.4489003222999,389,Madrid,Villanueva de la Cañada
-3.96318561030012,40.4871566595999,390,Madrid,Villanueva del Pardillo
-3.77969803268004,40.4578101498,391,Madrid,Madrid
-3.77969803268004,40.4578101498,392,Madrid,Madrid
-3.86960874131007,40.4767085177,393,Madrid,Majadahonda
-3.86960874131007,40.4767085177,394,Madrid,Majadahonda
-3.86925653602007,40.4768270757,395,Madrid,Majadahonda
-3.87023538599007,40.4767579385,396,Madrid,Majadahonda
-3.86948777833007,40.4769735994999,397,Madrid,Majadahonda
-3.62393123806001,40.4588686173,398,Madrid,Madrid
-3.94927297300011,40.4869381683999,399,Madrid,Villanueva del Pardillo
-3.78324448672004,40.4069495769,400,Madrid,Pozuelo de Alarcón
-3.78324448672004,40.4069495769,401,Madrid,Pozuelo de Alarcón
-3.78469766988004,40.4099338988,402,Madrid,Pozuelo de Alarcón
-3.78440255477004,40.4092289828,403,Madrid,Pozuelo de Alarcón
-3.88949930863008,40.4472350363,404,Madrid,Boadilla del Monte
-3.88892703192008,40.446287467,405,Madrid,Boadilla del Monte
-3.86780247763007,40.3249546543,645,Madrid,Móstoles
-3.87744365768007,40.47618843,406,Madrid,Majadahonda
-3.87744365768007,40.47618843,407,Madrid,Majadahonda
-3.67521019391002,40.4485917636,408,Madrid,Madrid
-3.67521019391002,40.4485917636,409,Madrid,Madrid
-3.79778057426004,40.4135255789,410,Madrid,Pozuelo de Alarcón
-3.79778057426004,40.4135255789,411,Madrid,Pozuelo de Alarcón
-3.79778057426004,40.4135255789,412,Madrid,Pozuelo de Alarcón
-3.85616570930006,40.4684418225,413,Madrid,Majadahonda
-3.87215265964007,40.4812509512,414,Madrid,Majadahonda
-3.87741183994007,40.4777727349,415,Madrid,Majadahonda
-3.87741183994007,40.4777727349,416,Madrid,Majadahonda
-3.67520295679002,40.4955686729,417,Madrid,Madrid
-3.62985745900001,40.154482788,418,Madrid,Ciempozuelos
-3.96354100929012,40.4885034338999,419,Madrid,Villanueva del Pardillo
-3.96354100929012,40.4885034338999,420,Madrid,Villanueva del Pardillo
-3.96515851100012,40.4977730219999,421,Madrid,Villanueva del Pardillo
-3.85117759831006,40.4720417823,422,Madrid,Majadahonda
-3.69704038397002,40.4932470484,423,Madrid,Madrid
-3.69704038397002,40.4932470484,424,Madrid,Madrid
-4.00470552886014,40.7044866039999,425,Madrid,Collado Mediano
-4.00470552886014,40.7044866039999,426,Madrid,Collado Mediano
-3.87175603133007,40.4688578175,427,Madrid,Majadahonda
-3.87140646326007,40.4689025548,428,Madrid,Majadahonda
-3.87175603133007,40.4688578175,429,Madrid,Majadahonda
-3.96659207645012,40.4893951171999,430,Madrid,Villanueva del Pardillo
-3.87013895371007,40.4727511006,431,Madrid,Majadahonda
-3.87013895371007,40.4727511006,432,Madrid,Majadahonda
-3.96640143052012,40.4888018821999,433,Madrid,Villanueva del Pardillo
-3.87706988440007,40.4723708904,434,Madrid,Majadahonda
-3.87706988440007,40.4723708904,435,Madrid,Majadahonda
-3.87706988440007,40.4723708904,436,Madrid,Majadahonda
-3.87706988440007,40.4723708904,437,Madrid,Majadahonda
-3.87706988440007,40.4723708904,438,Madrid,Majadahonda
-3.96556242000012,40.4891587579999,439,Madrid,Villanueva del Pardillo
-3.87904391205007,40.4725543573,440,Madrid,Majadahonda
-3.87609774140007,40.4724509891,441,Madrid,Majadahonda
-3.87609774140007,40.4724509891,442,Madrid,Majadahonda
-3.87651834821007,40.4737855636,443,Madrid,Majadahonda
-3.87651834821007,40.4737855636,444,Madrid,Majadahonda
-3.66948501650002,40.1916552626,445,Madrid,Valdemoro
-3.87710073470007,40.4745541448,446,Madrid,Majadahonda
-3.87710073470007,40.4745541448,447,Madrid,Majadahonda
-3.87707433388007,40.4707916908,448,Madrid,Majadahonda
-3.87703350119007,40.4729172599,449,Madrid,Majadahonda
-3.87993883766007,40.4728852677,450,Madrid,Majadahonda
-3.87601364602007,40.4728065739,451,Madrid,Majadahonda
-3.88019496121007,40.4728544996,452,Madrid,Majadahonda
-3.88019496121007,40.4728544996,453,Madrid,Majadahonda
-3.88019496121007,40.4728544996,454,Madrid,Majadahonda
-3.87005916248007,40.4724013655,455,Madrid,Majadahonda
-3.86750396056007,40.4698220083,456,Madrid,Majadahonda
-3.87374077788007,40.4711502442,457,Madrid,Majadahonda
-3.87814742158007,40.4695484875,458,Madrid,Majadahonda
-3.89378661166008,40.4022167562999,459,Madrid,Boadilla del Monte
-4.09909945013023,40.6764177736999,460,Madrid,Guadarrama
-3.69024707713002,40.3654270663,461,Madrid,Madrid
-3.86000338467007,40.4553179048,462,Madrid,Majadahonda
-3.86047690396007,40.4554263623,463,Madrid,Majadahonda
-3.60611149667001,40.4329984852,464,Madrid,Madrid
-3.60611149667001,40.4329984852,465,Madrid,Madrid
-3.91694348836009,40.2668896694,466,Madrid,Arroyomolinos
-3.79326428814004,40.4061353133,467,Madrid,Pozuelo de Alarcón
-3.79326428814004,40.4061353133,468,Madrid,Pozuelo de Alarcón
-3.79538808207004,40.4068293902,469,Madrid,Pozuelo de Alarcón
-3.79538808207004,40.4068293902,470,Madrid,Pozuelo de Alarcón
-3.79538808207004,40.4068293902,471,Madrid,Pozuelo de Alarcón
-3.96262848300012,40.4896016629999,472,Madrid,Villanueva del Pardillo
-3.78533925066004,40.429698368,473,Madrid,Pozuelo de Alarcón
-3.87676632562007,40.4753210407,474,Madrid,Majadahonda
-3.87619446608007,40.4752033458,475,Madrid,Majadahonda
-3.45889065958,40.5470311344,476,Madrid,Daganzo de Arriba
-3.96773971500012,40.4956332779999,477,Madrid,Villanueva del Pardillo
-3.96773971500012,40.4956332779999,478,Madrid,Villanueva del Pardillo
-3.59386638705001,40.452286304,479,Madrid,Madrid
-3.59386638705001,40.452286304,480,Madrid,Madrid
-3.87032496260007,40.4744574657,481,Madrid,Majadahonda
-3.87613311137007,40.4709032901,482,Madrid,Majadahonda
-3.88010268709007,40.4772362384,483,Madrid,Majadahonda
-3.88010268709007,40.4772362384,484,Madrid,Majadahonda
-3.88010268709007,40.4772362384,485,Madrid,Majadahonda
-3.88010268709007,40.4772362384,486,Madrid,Majadahonda
-3.88010268709007,40.4772362384,487,Madrid,Majadahonda
-3.88010268709007,40.4772362384,488,Madrid,Majadahonda
-3.88010268709007,40.4772362384,489,Madrid,Majadahonda
-3.88074650157007,40.4764666559999,490,Madrid,Majadahonda
-3.88011258035007,40.4760030292,491,Madrid,Majadahonda
-3.87837622685007,40.4759346783,492,Madrid,Majadahonda
-3.88010268709007,40.4772362384,493,Madrid,Majadahonda
-3.88010268709007,40.4772362384,494,Madrid,Majadahonda
-3.88010268709007,40.4772362384,495,Madrid,Majadahonda
-3.88146491359007,40.4759252927,496,Madrid,Majadahonda
-4.01804608948015,40.5616045216999,497,Madrid,Colmenarejo
-4.00996278224015,40.4485698045999,498,Madrid,Villanueva de la Cañada
-3.86401437919007,40.4542833176,499,Madrid,Majadahonda
-3.86401437919007,40.4542833176,500,Madrid,Majadahonda
-3.85605608275006,40.4766073623,501,Madrid,Majadahonda
-3.85853600518006,40.3238209859,502,Madrid,Móstoles
-3.85853600518006,40.3238209859,503,Madrid,Móstoles
-3.85945397391006,40.3238097826,504,Madrid,Móstoles
-3.81398010869005,40.4313538535,505,Madrid,Pozuelo de Alarcón
-3.79096302391004,40.4686066165,506,Madrid,Madrid
-3.79096302391004,40.4686066165,507,Madrid,Madrid
-3.53738208322001,40.6133108547,508,Madrid,Algete
-3.53738208322001,40.6133108547,509,Madrid,Algete
-3.96230314557011,40.4921170459999,510,Madrid,Villanueva del Pardillo
-3.63013666616001,40.4805498982,511,Madrid,Madrid
-3.96312651961011,40.4915682825999,512,Madrid,Villanueva del Pardillo
-3.96312651961011,40.4915682825999,513,Madrid,Villanueva del Pardillo
-3.96675800800012,40.4959059789999,514,Madrid,Villanueva del Pardillo
-3.96757769000012,40.4996687669999,515,Madrid,Villanueva del Pardillo
-3.96783359700012,40.5003552369999,516,Madrid,Villanueva del Pardillo
-3.96895975100012,40.5021114039999,517,Madrid,Villanueva del Pardillo
-3.70194987434002,40.4635140756,518,Madrid,Madrid
-3.77842858962004,40.2358808293,519,Madrid,Parla
-3.71853754372003,40.3105739976,520,Madrid,Getafe
-3.86234917566007,40.3116268239,521,Madrid,Móstoles
-3.86234917566007,40.3116268239,522,Madrid,Móstoles
-3.69582222666002,40.3818772233,523,Madrid,Madrid
-3.69582222666002,40.3818772233,524,Madrid,Madrid
-3.71092925094002,40.3953544057,525,Madrid,Madrid
-3.67060175355002,40.4454349713,526,Madrid,Madrid
-3.62025009858001,40.4190038827,527,Madrid,Madrid
-3.92193689175009,40.2734273690999,528,Madrid,Arroyomolinos
-3.9338187290001,40.3018653688,529,Madrid,Móstoles
-3.87497461886007,40.4723003432,530,Madrid,Majadahonda
-3.70345912977002,40.4293505185,531,Madrid,Madrid
-3.87201615129007,40.4661837265,532,Madrid,Majadahonda
-3.85118263325006,40.4752652704,533,Madrid,Majadahonda
-3.85118263325006,40.4752652704,534,Madrid,Majadahonda
-3.85118263325006,40.4752652704,535,Madrid,Majadahonda
-3.86658935182007,40.4617619527,536,Madrid,Majadahonda
-3.86917102725007,40.4662164085,537,Madrid,Majadahonda
-3.77433756992004,40.1853563065,538,Madrid,Torrejón de Velasco
-3.92000394242009,40.2758117257999,539,Madrid,Arroyomolinos
-3.92000394242009,40.2758117257999,540,Madrid,Arroyomolinos
-3.92000394242009,40.2758117257999,541,Madrid,Arroyomolinos
-3.92000394242009,40.2758117257999,542,Madrid,Arroyomolinos
-4.27228137092048,40.3611720691997,543,Madrid,Navas del Rey
-3.88157784932007,40.3579882236,544,Madrid,Villaviciosa de Odón
-3.88157784932007,40.3579882236,545,Madrid,Villaviciosa de Odón
-3.94732864000011,40.4722280739999,546,Madrid,Villanueva de la Cañada
-3.86954011958007,40.3237458944,547,Madrid,Móstoles
-3.68522873135002,40.1782895579,548,Madrid,Valdemoro
-3.68522873135002,40.1782895579,549,Madrid,Valdemoro
-3.85062117413006,40.3190645393,550,Madrid,Móstoles
-3.73898075238003,40.3375463064,551,Madrid,Leganés
-3.75263634910003,40.2250507906,552,Madrid,Parla
-3.69427380834002,40.2593284131,553,Madrid,Pinto
-3.84951162414006,40.322176296,554,Madrid,Móstoles
-3.88378711034008,40.3286572202,555,Madrid,Móstoles
-3.85919566703006,40.325101888,556,Madrid,Móstoles
-3.85945980367006,40.3251418102,557,Madrid,Móstoles
-3.85522744037006,40.3269554277,558,Madrid,Móstoles
-3.85936876302006,40.3250531479,559,Madrid,Móstoles
-3.85936876302006,40.3250531479,560,Madrid,Móstoles
-3.85979418279006,40.3266615882,561,Madrid,Móstoles
-3.85979418279006,40.3266615882,562,Madrid,Móstoles
-3.86109148949006,40.3254419078,563,Madrid,Móstoles
-3.86109148949006,40.3254419078,564,Madrid,Móstoles
-3.85721207621006,40.3259113794,565,Madrid,Móstoles
-3.85677492781006,40.3252093544,566,Madrid,Móstoles
-3.85677492781006,40.3252093544,567,Madrid,Móstoles
-3.85888977789006,40.3277816581,568,Madrid,Móstoles
-3.85888977789006,40.3277816581,569,Madrid,Móstoles
-3.85888977789006,40.3277816581,570,Madrid,Móstoles
-3.85676695137006,40.3249938716,571,Madrid,Móstoles
-3.71539134551003,40.4132152768,572,Madrid,Madrid
-3.85753902847006,40.3309502962,573,Madrid,Móstoles
-3.85776526211006,40.3306068186,574,Madrid,Móstoles
-3.85850080722006,40.3305962899,575,Madrid,Móstoles
-3.85850080722006,40.3305962899,576,Madrid,Móstoles
-3.85388733504006,40.3245702648,577,Madrid,Móstoles
-3.86387682655007,40.3177901748,578,Madrid,Móstoles
-3.82980103412005,40.3462585682,579,Madrid,Alcorcón
-3.87096024472007,40.4718017,580,Madrid,Majadahonda
-3.85943715266007,40.326726124,581,Madrid,Móstoles
-3.85952946818007,40.3265346204,582,Madrid,Móstoles
-3.85952946818007,40.3265346204,583,Madrid,Móstoles
-3.78607853288004,40.2939136549,584,Madrid,Fuenlabrada
-3.75613098870003,40.3947909545,585,Madrid,Madrid
-3.75613098870003,40.3947909545,586,Madrid,Madrid
-3.86928586870007,40.3380927053,587,Madrid,Móstoles
-3.86820670593007,40.3372195241,588,Madrid,Móstoles
-3.86820670593007,40.3372195241,589,Madrid,Móstoles
-3.82713527083005,40.3365647215,590,Madrid,Alcorcón
-3.86405867640007,40.3203696747,591,Madrid,Móstoles
-3.86405867640007,40.3203696747,592,Madrid,Móstoles
-3.86130143987007,40.3182871673,593,Madrid,Móstoles
-3.86130143987007,40.3182871673,594,Madrid,Móstoles
-3.85811738431006,40.3154808971,595,Madrid,Móstoles
-3.85655073908006,40.3133408142,596,Madrid,Móstoles
-3.85655073908006,40.3133408142,597,Madrid,Móstoles
-3.74885391382003,40.3707305879,598,Madrid,Madrid
-3.85853600518006,40.3238209859,599,Madrid,Móstoles
-3.85917952663007,40.3235681592,600,Madrid,Móstoles
-3.85435738044006,40.3236946282,601,Madrid,Móstoles
-3.85435738044006,40.3236946282,602,Madrid,Móstoles
-3.85155978678006,40.3239158396,603,Madrid,Móstoles
-3.85155978678006,40.3239158396,604,Madrid,Móstoles
-3.85155978678006,40.3239158396,605,Madrid,Móstoles
-3.85155978678006,40.3239158396,606,Madrid,Móstoles
-3.85155978678006,40.3239158396,607,Madrid,Móstoles
-3.85155978678006,40.3239158396,608,Madrid,Móstoles
-3.67285182525002,40.5034984539,609,Madrid,Madrid
-3.86150944333007,40.3249967914,610,Madrid,Móstoles
-3.86100444098007,40.3245813104,612,Madrid,Móstoles
-3.86100444098007,40.3245813104,613,Madrid,Móstoles
-3.63162376700001,40.152422091,614,Madrid,Ciempozuelos
-3.86837008294007,40.3275271182,615,Madrid,Móstoles
-3.85050358575006,40.3204105394,616,Madrid,Móstoles
-3.86139247394007,40.3267170142,617,Madrid,Móstoles
-3.86241507007007,40.3209629835,618,Madrid,Móstoles
-3.86274369506007,40.320786544,619,Madrid,Móstoles
-3.71193087229002,40.9562895302,620,Madrid,Gargantilla del Lozoya y Pinilla de Buitrago
-3.71193087229002,40.9562895302,621,Madrid,Gargantilla del Lozoya y Pinilla de Buitrago
-3.85991486582006,40.319417327,622,Madrid,Móstoles
-3.85991486582006,40.319417327,623,Madrid,Móstoles
-3.85983116694006,40.3198924292,624,Madrid,Móstoles
-3.85983116694006,40.3198924292,625,Madrid,Móstoles
-3.85957028093007,40.3197725914,626,Madrid,Móstoles
-3.85957028093007,40.3197725914,627,Madrid,Móstoles
-3.79695537004004,40.2908524828,628,Madrid,Fuenlabrada
-3.68386204574002,40.1890287892,629,Madrid,Valdemoro
-3.79009520103004,40.2845410027,630,Madrid,Fuenlabrada
-3.85957028093007,40.3197725914,631,Madrid,Móstoles
-3.74917510310003,40.4041172969,632,Madrid,Madrid
-3.74917510310003,40.4041172969,633,Madrid,Madrid
-3.78503802023004,40.3161238225,634,Madrid,Leganés
-3.85652926595006,40.3267475671,635,Madrid,Móstoles
-3.85939775060007,40.3293176769,636,Madrid,Móstoles
-3.85798039975006,40.3178104112,637,Madrid,Móstoles
-3.87104054048007,40.4747199412,638,Madrid,Majadahonda
-3.91646687900009,40.287519754,639,Madrid,Arroyomolinos
-3.86286486221007,40.3247084212,640,Madrid,Móstoles
-4.00984807400015,40.2866947462999,641,Madrid,Navalcarnero
-3.35936989831,40.4854640297,642,Madrid,Alcalá de Henares
-4.01010856300015,40.2881702729999,643,Madrid,Navalcarnero
-3.75985581420003,40.3621630946,644,Madrid,Madrid
-3.86177193474007,40.3265965102,647,Madrid,Móstoles
-4.00984807400015,40.2866947462999,648,Madrid,Navalcarnero
-3.86693321835007,40.3223639655,649,Madrid,Móstoles
-3.67851968831002,40.3493774638,650,Madrid,Madrid
-3.87943156955007,40.3262608392,651,Madrid,Móstoles
-3.83588206278006,40.2992804965,652,Madrid,Fuenlabrada
-3.53824213580001,40.4266665753,653,Madrid,Coslada
-3.92556819429009,40.3154582899,654,Madrid,Móstoles
-3.92556819429009,40.3154582899,655,Madrid,Móstoles
-3.92556819429009,40.3154582899,656,Madrid,Móstoles
-3.86075475647006,40.3253119723,657,Madrid,Móstoles
-3.85858299680007,40.3265328253,658,Madrid,Móstoles
-3.84072424622006,40.2940454321,659,Madrid,Fuenlabrada
-3.73390726029003,40.329114585,660,Madrid,Getafe
-3.86551287323007,40.3181194405,661,Madrid,Móstoles
-3.86595635168007,40.3150101935,662,Madrid,Móstoles
-4.09868196735022,40.6711651418999,663,Madrid,Guadarrama
-4.09868196735022,40.6711651418999,664,Madrid,Guadarrama
-4.09868196735022,40.6711651418999,665,Madrid,Guadarrama
-3.86664726287007,40.4574981851,666,Madrid,Majadahonda
-3.83557393073006,40.297296448,667,Madrid,Fuenlabrada
-3.83557393073006,40.297296448,668,Madrid,Fuenlabrada
-3.87054066883007,40.4778651339,670,Madrid,Majadahonda
-3.58702187319001,40.3584758228,671,Madrid,Madrid
-3.58702187319001,40.3584758228,672,Madrid,Madrid
-3.88170399304007,40.3262603049,673,Madrid,Móstoles
-3.61619820331001,40.3656451404,674,Madrid,Madrid
-3.73188931762003,40.3285532894,675,Madrid,Getafe
-3.83588206278006,40.2992804965,676,Madrid,Fuenlabrada
-3.83588206278006,40.2992804965,677,Madrid,Fuenlabrada
-3.69396981320002,40.3926848407,678,Madrid,Madrid
-3.86051572301006,40.3224839194,679,Madrid,Móstoles
-3.86020257798007,40.3225058784,680,Madrid,Móstoles
-3.85991321568007,40.3226012784,681,Madrid,Móstoles
-3.85888158850007,40.3222435385,682,Madrid,Móstoles
-3.86081399252007,40.3226803423,683,Madrid,Móstoles
-3.85440432356006,40.3220160064,684,Madrid,Móstoles
-3.85110111580006,40.3210690847,685,Madrid,Móstoles
-3.85563443265006,40.3218555067,686,Madrid,Móstoles
-3.84948770506006,40.3208086907,687,Madrid,Móstoles
-3.84810705075006,40.3205527293,688,Madrid,Móstoles
-3.86051572301006,40.3224839194,689,Madrid,Móstoles
-3.73089267843003,40.3044874633,690,Madrid,Getafe
-3.70251558489002,40.2606529099,691,Madrid,Pinto
-3.86292153469006,40.4756416533,692,Madrid,Majadahonda
-3.86292153469006,40.4756416533,693,Madrid,Majadahonda
-4.0692634020002,40.5011649149999,694,Madrid,Valdemorillo
-3.62182780500001,40.158258622,695,Madrid,Ciempozuelos
-3.86036079470007,40.319329288,696,Madrid,Móstoles
-3.86036079470007,40.319329288,697,Madrid,Móstoles
-3.86036079470007,40.319329288,698,Madrid,Móstoles
-3.86036079470007,40.319329288,700,Madrid,Móstoles
-3.86007709689006,40.3190868863,701,Madrid,Móstoles
-3.84935832668006,40.3253311712,702,Madrid,Móstoles
-3.75345345806003,40.2347589414,703,Madrid,Parla
-3.75638225549003,40.2312819666,704,Madrid,Parla
-3.90451573923008,40.3593507303,705,Madrid,Villaviciosa de Odón
-3.85664163178006,40.333062059,706,Madrid,Móstoles
-3.85679008097006,40.3331714063,707,Madrid,Móstoles
-3.85706809547006,40.3333761442,708,Madrid,Móstoles
-3.85698445697006,40.3330267158,709,Madrid,Móstoles
-3.67131420200002,41.006790827,710,Madrid,Villavieja del Lozoya
-3.67131420200002,41.006790827,711,Madrid,Villavieja del Lozoya
-3.85572831949006,40.3373058809,712,Madrid,Alcorcón
-3.85572831949006,40.3373058809,713,Madrid,Alcorcón
-3.79543995073004,40.2775343508,714,Madrid,Fuenlabrada
-3.79543995073004,40.2775343508,715,Madrid,Fuenlabrada
-3.85572831949006,40.3373058809,716,Madrid,Alcorcón
-3.90575022400009,40.271524936,717,Madrid,Arroyomolinos
-3.86355610326007,40.3031942424,718,Madrid,Móstoles
-3.86355610326007,40.3031942424,719,Madrid,Móstoles
-3.86355610326007,40.3031942424,720,Madrid,Móstoles
-3.86355610326007,40.3031942424,721,Madrid,Móstoles
-3.86355610326007,40.3031942424,722,Madrid,Móstoles
-3.85475255352006,40.3136407716,723,Madrid,Móstoles
-3.73020418007003,40.3962582578,724,Madrid,Madrid
-3.482857503,40.364771575,725,Madrid,Velilla de San Antonio
-3.9274855554301,40.3101621875,726,Madrid,Móstoles
-3.92610357699009,40.3118652967999,727,Madrid,Móstoles
-3.85306334558006,40.3226917678,728,Madrid,Móstoles
-3.85157001832006,40.3223644606,729,Madrid,Móstoles
-4.20529781988036,40.3973176731998,730,Madrid,Chapinería
-3.71928171706003,40.3228211253,731,Madrid,Getafe
-3.87057283484007,40.4755698232,732,Madrid,Majadahonda
-3.80675417851005,40.2869950705,733,Madrid,Fuenlabrada
-3.62233337084001,40.5492787206,734,Madrid,San Sebastián de los Reyes
-3.86869191991007,40.3188984203,735,Madrid,Móstoles
-3.87097202597007,40.4702440688,736,Madrid,Majadahonda
-3.87097202597007,40.4702440688,737,Madrid,Majadahonda
-3.87375059631007,40.4730387481,738,Madrid,Majadahonda
-3.75464302660003,40.3907905589,739,Madrid,Madrid
-3.83737927749006,40.3014450345,740,Madrid,Fuenlabrada
-3.86057662525007,40.4461415064,741,Madrid,Majadahonda
-3.87100250055007,40.4463624463,742,Madrid,Majadahonda
-3.86090133910007,40.4461508656,743,Madrid,Majadahonda
-3.85946886849007,40.3215406334,744,Madrid,Móstoles
-3.85944541148006,40.3213596577,745,Madrid,Móstoles
-3.85944541148006,40.3213596577,746,Madrid,Móstoles
-3.88729751622008,40.4050568699,747,Madrid,Boadilla del Monte
-3.80888415562005,40.3445974802,748,Madrid,Alcorcón
-3.80888415562005,40.3445974802,749,Madrid,Alcorcón
-3.66680689827002,40.4784817984,750,Madrid,Madrid
-3.88585150654008,40.3288906716,751,Madrid,Móstoles
-3.88582456746008,40.3283654013,752,Madrid,Móstoles
-3.88582456746008,40.3283654013,753,Madrid,Móstoles
-3.86189525422007,40.4482858125,754,Madrid,Majadahonda
-3.74561449114003,40.3850519663,755,Madrid,Madrid
-3.89604422579008,40.416505198,756,Madrid,Boadilla del Monte
-3.67678551491002,40.4326353825,757,Madrid,Madrid
-3.86857262494007,40.3317108898,758,Madrid,Móstoles
-3.71228048295002,40.4470582282,759,Madrid,Madrid
-3.83411933606006,40.3366738777,760,Madrid,Alcorcón
-3.85888897594006,40.3313100003,761,Madrid,Móstoles
-3.86530084695007,40.3204408417,762,Madrid,Móstoles
-3.89727557102008,40.4241105895,763,Madrid,Boadilla del Monte
-3.71754181029003,40.4753364399,764,Madrid,Madrid
-3.62564524252001,40.3972789037,765,Madrid,Madrid
-3.74757116375003,40.3661497015,766,Madrid,Madrid
-3.86081652900007,40.3252291858,767,Madrid,Móstoles
-3.85889219405007,40.3256566298,768,Madrid,Móstoles
-3.86075475647006,40.3253119723,769,Madrid,Móstoles
-3.86075475647006,40.3253119723,770,Madrid,Móstoles
-3.86036445293007,40.3252651678,771,Madrid,Móstoles
-3.86053128493007,40.3186123513,772,Madrid,Móstoles
-3.86053128493007,40.3186123513,773,Madrid,Móstoles
-3.86053128493007,40.3186123513,774,Madrid,Móstoles
-3.84072424622006,40.2940454321,775,Madrid,Fuenlabrada
-3.84072424622006,40.2940454321,776,Madrid,Fuenlabrada
-3.84096962843006,40.2935582077,777,Madrid,Fuenlabrada
-3.85315059908006,40.3248814634,778,Madrid,Móstoles
-3.85315059908006,40.3248814634,779,Madrid,Móstoles
-3.85563646694006,40.3290714375,780,Madrid,Móstoles
-3.86702611806007,40.3604881499,781,Madrid,Alcorcón
-3.86702611806007,40.3604881499,782,Madrid,Alcorcón
-3.86702611806007,40.3604881499,783,Madrid,Alcorcón
-3.92118213810009,40.3080316467999,784,Madrid,Móstoles
-3.67575622839002,40.3444507078,785,Madrid,Madrid
-3.67575622839002,40.3444507078,786,Madrid,Madrid
-3.58716293154001,40.0290633096,787,Madrid,Aranjuez
-3.58716293154001,40.0290633096,788,Madrid,Aranjuez
-3.58716293154001,40.0290633096,789,Madrid,Aranjuez
-3.77915399702004,40.37605858,790,Madrid,Madrid
-3.77915399702004,40.37605858,791,Madrid,Madrid
-3.77920690970004,40.3758724992,792,Madrid,Madrid
-3.83344312174006,40.3385691769,793,Madrid,Alcorcón
-3.83631199981006,40.340430391,794,Madrid,Alcorcón
-3.86907441290007,40.3265185546,795,Madrid,Móstoles
-3.86194144210007,40.3197893523,796,Madrid,Móstoles
-3.66422324554002,40.3611272667,797,Madrid,Madrid
-3.79412568529004,40.2881094862,798,Madrid,Fuenlabrada
-3.79412568529004,40.2881094862,799,Madrid,Fuenlabrada
-3.87220342416007,40.32019357,800,Madrid,Móstoles
-3.87220342416007,40.32019357,801,Madrid,Móstoles
-3.86228790741007,40.3278584635,802,Madrid,Móstoles
-3.86228790741007,40.3278584635,803,Madrid,Móstoles
-3.86228790741007,40.3278584635,804,Madrid,Móstoles
-3.86228790741007,40.3278584635,805,Madrid,Móstoles
-3.75154004928003,40.3460493554,807,Madrid,Leganés
-3.74077130667003,40.3781754136,808,Madrid,Madrid
-3.86071548183006,40.3240856949,809,Madrid,Móstoles
-3.86069834184007,40.3240609507,810,Madrid,Móstoles
-3.86069834184007,40.3240609507,811,Madrid,Móstoles
-3.86069834184007,40.3240609507,812,Madrid,Móstoles
-3.86160247821006,40.322143611,813,Madrid,Móstoles
-3.83741459239006,40.3321414063,814,Madrid,Alcorcón
-3.83741459239006,40.3321414063,815,Madrid,Alcorcón
-3.69650354090002,40.477628874,816,Madrid,Madrid
-3.85897041641006,40.3263094646,817,Madrid,Móstoles
-3.86283070322007,40.3321114102,818,Madrid,Móstoles
-3.86537434699007,40.3313312178,819,Madrid,Móstoles
-3.90415453800008,40.3004290869999,820,Madrid,Arroyomolinos
-3.96199097037011,40.4910137550999,821,Madrid,Villanueva del Pardillo
-3.85177149972006,40.3245889162,822,Madrid,Móstoles
-3.65487068909002,40.4247674856,823,Madrid,Madrid
-3.85779987611006,40.3186775707,824,Madrid,Móstoles
-3.85779987611006,40.3186775707,825,Madrid,Móstoles
-3.86681435970007,40.317874344,826,Madrid,Móstoles
-3.86000097361006,40.4621402124,827,Madrid,Majadahonda
-3.85346429057006,40.2211602481,828,Madrid,Griñón
-3.86684688139007,40.3126784336,830,Madrid,Móstoles
-3.86684688139007,40.3126784336,831,Madrid,Móstoles
-3.86684688139007,40.3126784336,832,Madrid,Móstoles
-3.86684688139007,40.3126784336,833,Madrid,Móstoles
-3.86684688139007,40.3126784336,834,Madrid,Móstoles
-3.86431027769007,40.3375453745,835,Madrid,Móstoles
-3.86431027769007,40.3375453745,836,Madrid,Móstoles
-4.0687096808602,40.4992020798999,837,Madrid,Valdemorillo
-3.73627001749003,40.4073362904,838,Madrid,Madrid
-3.73627001749003,40.4073362904,839,Madrid,Madrid
-3.73627001749003,40.4073362904,840,Madrid,Madrid
-3.86306351173007,40.3248874991,841,Madrid,Móstoles
-3.85001614274006,40.3193180322,842,Madrid,Móstoles
-3.85001614274006,40.3193180322,843,Madrid,Móstoles
-3.85001614274006,40.3193180322,844,Madrid,Móstoles
-3.84886494700006,40.3244361262,845,Madrid,Móstoles
-3.84960901868006,40.3262037868,846,Madrid,Móstoles
-3.91829224200009,40.284936497,847,Madrid,Arroyomolinos
-3.86349897648007,40.319359391,848,Madrid,Móstoles
-3.85742320302006,40.3170352151,849,Madrid,Móstoles
-3.86873574128007,40.321873868,850,Madrid,Móstoles
-3.68635033514002,40.365378323,851,Madrid,Madrid
-3.87122079447007,40.4749235303,852,Madrid,Majadahonda
-3.87122079447007,40.4749235303,853,Madrid,Majadahonda
-4.00278798106014,40.5772692111999,854,Madrid,Galapagar
-3.96219081701012,40.4904243320999,855,Madrid,Villanueva del Pardillo
-3.72615044385003,40.3736907641,856,Madrid,Madrid
-3.67478746365002,40.4337935962,857,Madrid,Madrid
-3.64706590493001,40.5496472563,858,Madrid,Alcobendas
-3.84148837541006,40.3473468497,859,Madrid,Alcorcón
-3.86330702813007,40.461475339,860,Madrid,Majadahonda
-3.86330702813007,40.461475339,861,Madrid,Majadahonda
-3.86330702813007,40.461475339,862,Madrid,Majadahonda
-3.86330702813007,40.461475339,863,Madrid,Majadahonda
-3.86330702813007,40.461475339,864,Madrid,Majadahonda
-3.87292648864007,40.3216001561,865,Madrid,Móstoles
-3.87292648864007,40.3216001561,866,Madrid,Móstoles
-3.86405245650007,40.3332884962,867,Madrid,Móstoles
-3.82443135068005,40.3312930666,868,Madrid,Alcorcón
-3.82978964176005,40.3307265763,869,Madrid,Alcorcón
-3.82606073248005,40.3307532514,870,Madrid,Alcorcón
-3.86364886945007,40.325656589,871,Madrid,Móstoles
-3.86364886945007,40.325656589,872,Madrid,Móstoles
-3.86948777833007,40.4769735994999,873,Madrid,Majadahonda
-3.86536625442007,40.3285986501,874,Madrid,Móstoles
-3.86453782635007,40.328728645,875,Madrid,Móstoles
-3.86419987886007,40.3253516924,876,Madrid,Móstoles
-3.86536625442007,40.3285986501,877,Madrid,Móstoles
-3.86475815893007,40.3290490383,878,Madrid,Móstoles
-3.87340304795007,40.3134960084,879,Madrid,Móstoles
-3.87340304795007,40.3134960084,880,Madrid,Móstoles
-3.86413164281007,40.3335921577,881,Madrid,Móstoles
-3.66996678664002,40.1930660845,882,Madrid,Valdemoro
-3.63815533012001,40.9968519625,883,Madrid,Buitrago del Lozoya
-3.86821060899007,40.3090879383,884,Madrid,Móstoles
-3.51857551777,40.9754643159,885,Madrid,Berzosa del Lozoya
-3.61628065200001,40.157361244,886,Madrid,Ciempozuelos
-3.86268057346007,40.3151267946,887,Madrid,Móstoles
-4.00346611932014,40.4094049506999,888,Madrid,Brunete
-3.86637286781007,40.3066160397,889,Madrid,Móstoles
-3.86637286781007,40.3066160397,890,Madrid,Móstoles
-3.86637286781007,40.3066160397,891,Madrid,Móstoles
-3.86637286781007,40.3066160397,892,Madrid,Móstoles
-3.86637286781007,40.3066160397,893,Madrid,Móstoles
-3.78469766988004,40.4099338988,894,Madrid,Pozuelo de Alarcón
-3.73977073495003,40.3185027662,895,Madrid,Getafe
-3.76332016445004,40.3636483028,896,Madrid,Madrid
-3.76685504966004,40.3624856576,897,Madrid,Madrid
-3.86524939165007,40.330422014,898,Madrid,Móstoles
-3.87211104438007,40.3250024594,899,Madrid,Móstoles
-3.86769495662007,40.328238291,900,Madrid,Móstoles
-3.86160127868007,40.3333717886,901,Madrid,Móstoles
-3.86514446690007,40.3324899824,902,Madrid,Móstoles
-3.87044319481007,40.3307185435,903,Madrid,Móstoles
-3.90093560232008,40.4048498698,904,Madrid,Boadilla del Monte
-3.9333157858801,40.3802782492,905,Madrid,Villaviciosa de Odón
-3.86008506307006,40.3181633285,906,Madrid,Móstoles
-3.85149118193006,40.3095121563,907,Madrid,Móstoles
-3.90228301847008,40.3587967,908,Madrid,Villaviciosa de Odón
-3.85002160022006,40.3196113594,909,Madrid,Móstoles
-3.86307118696007,40.3255819283,910,Madrid,Móstoles
-3.84931091428006,40.3190580327,911,Madrid,Móstoles
-3.86115706126007,40.3078072442,912,Madrid,Móstoles
-3.80803937058005,40.2777604956,913,Madrid,Fuenlabrada
-3.80803937058005,40.2777604956,914,Madrid,Fuenlabrada
-3.80803937058005,40.2777604956,915,Madrid,Fuenlabrada
-3.69797376814002,40.4151465637,916,Madrid,Madrid
-3.90099805502008,40.3405619202999,917,Madrid,Móstoles
-3.87133696653007,40.4806137361,918,Madrid,Majadahonda
-3.57013898956001,40.4185239924,919,Madrid,Coslada
-3.87363486487007,40.4748589009,920,Madrid,Majadahonda
-3.87363486487007,40.4748589009,921,Madrid,Majadahonda
-3.76114869855004,40.3894023241,922,Madrid,Madrid
-3.96215373393011,40.4886944911999,923,Madrid,Villanueva del Pardillo
-3.83876151829006,40.3012507797,924,Madrid,Fuenlabrada
-3.83876151829006,40.3012507797,925,Madrid,Fuenlabrada
-3.86414139413007,40.3248794577,926,Madrid,Móstoles
-3.86299588793007,40.3286761643,927,Madrid,Móstoles
-3.86245045476007,40.3292933107,928,Madrid,Móstoles
-3.86972378235007,40.3084283488,929,Madrid,Móstoles
-3.86972378235007,40.3084283488,931,Madrid,Móstoles
-3.86972378235007,40.3084283488,932,Madrid,Móstoles
-3.86972378235007,40.3084283488,933,Madrid,Móstoles
-3.68785834300002,41.013257625,934,Madrid,Villavieja del Lozoya
-3.96771118118012,40.5021583822999,935,Madrid,Villanueva del Pardillo
-3.87530705959007,40.3169508528,936,Madrid,Móstoles
-3.87571725151007,40.3165878868,937,Madrid,Móstoles
-3.87530705959007,40.3169508528,938,Madrid,Móstoles
-3.88112121634007,40.3152302692,939,Madrid,Móstoles
-3.87674830737007,40.3113527484,940,Madrid,Móstoles
-3.87674830737007,40.3113527484,941,Madrid,Móstoles
-3.96515851100012,40.4977730219999,942,Madrid,Villanueva del Pardillo
-3.87699492109007,40.3125752806,943,Madrid,Móstoles
-3.52063208107001,40.9751978449,944,Madrid,Berzosa del Lozoya
-3.86082048923007,40.3203456446,945,Madrid,Móstoles
-3.87204714052007,40.4713440973,946,Madrid,Majadahonda
-3.85382799239006,40.4738104835,947,Madrid,Majadahonda
-3.83691483789006,40.2949312158,948,Madrid,Fuenlabrada
-3.86982687574007,40.4619468064,949,Madrid,Majadahonda
-3.87201615129007,40.4661837265,950,Madrid,Majadahonda
-3.87053407981007,40.466102232,951,Madrid,Majadahonda
-3.87053407981007,40.466102232,952,Madrid,Majadahonda
-3.86974209459007,40.4626369347,953,Madrid,Majadahonda
-3.86974209459007,40.4626369347,954,Madrid,Majadahonda
-3.86658935182007,40.4617619527,955,Madrid,Majadahonda
-3.86315510579007,40.4741225902,956,Madrid,Majadahonda
-3.69207617688002,40.353964786,957,Madrid,Madrid
-3.69207617688002,40.353964786,958,Madrid,Madrid
-3.86522401984007,40.3331320647,959,Madrid,Móstoles
-3.86292534100007,40.3342405868,960,Madrid,Móstoles
-3.86292534100007,40.3342405868,961,Madrid,Móstoles
-3.87140646326007,40.4689025548,962,Madrid,Majadahonda
-3.87175603133007,40.4688578175,963,Madrid,Majadahonda
-3.76737507341004,40.2431460121,964,Madrid,Parla
-3.86337324961007,40.3232858037,965,Madrid,Móstoles
-3.86345056248007,40.3230607179,966,Madrid,Móstoles
-3.86345056248007,40.3230607179,967,Madrid,Móstoles
-3.87657361572007,40.4718288174,968,Madrid,Majadahonda
-3.87120800125007,40.4729975573,969,Madrid,Majadahonda
-3.87013895371007,40.4727511006,970,Madrid,Majadahonda
-3.87136488104007,40.4725851544,971,Madrid,Majadahonda
-3.87706988440007,40.4723708904,972,Madrid,Majadahonda
-3.71622215782003,40.384831245,973,Madrid,Madrid
-3.85963085900006,40.3243345001,974,Madrid,Móstoles
-3.86037176989007,40.3247660572,975,Madrid,Móstoles
-3.86162384602007,40.3255163615,976,Madrid,Móstoles
-3.86162384602007,40.3255163615,977,Madrid,Móstoles
-3.69235143549002,40.4862152186,978,Madrid,Madrid
-3.85186391070006,40.3161915434,979,Madrid,Móstoles
-3.77051433840004,40.2368914096,980,Madrid,Parla
-3.88019496121007,40.4728544996,981,Madrid,Majadahonda
-3.77051433840004,40.2368914096,982,Madrid,Parla
-3.72558283283003,40.3137544817,983,Madrid,Getafe
-3.72558283283003,40.3137544817,984,Madrid,Getafe
-3.86750396056007,40.4698220083,985,Madrid,Majadahonda
-3.86470978152007,40.3258167179,986,Madrid,Móstoles
-3.86470978152007,40.3258167179,987,Madrid,Móstoles
-3.86266248279007,40.3258135798,988,Madrid,Móstoles
-3.86266248279007,40.3258135798,989,Madrid,Móstoles
-3.86511815181007,40.3259868451,990,Madrid,Móstoles
-3.86538206163007,40.3260538044,991,Madrid,Móstoles
-3.91263937268009,40.2884388243,992,Madrid,Arroyomolinos
-4.30084880330054,40.2755687184997,993,Madrid,Villa del Prado
-3.85232806817006,40.3166115726,994,Madrid,Móstoles
-3.85232806817006,40.3166115726,995,Madrid,Móstoles
-3.71873349764003,40.4137253674,996,Madrid,Madrid
-3.86009401688007,40.3306353499,997,Madrid,Móstoles
-3.86037301197006,40.3308414742,998,Madrid,Móstoles
-3.69369604600002,40.2425049545,999,Madrid,Pinto
-3.63617979376001,40.5508767113,1000,Madrid,San Sebastián de los Reyes
-3.85668977180006,40.3200297459,1001,Madrid,Móstoles
-3.86028543,40.3214923526,1002,Madrid,Móstoles
-3.86973716590007,40.3092134554,1003,Madrid,Móstoles
-3.87039319688007,40.3081489674,1004,Madrid,Móstoles
-3.87039319688007,40.3081489674,1005,Madrid,Móstoles
-3.68933405862002,40.3896160776,1006,Madrid,Madrid
-3.60611149667001,40.4329984852,1007,Madrid,Madrid
-3.79759036129004,40.4073557222,1008,Madrid,Pozuelo de Alarcón
-3.74421844065003,40.3744868934,1009,Madrid,Madrid
-3.81065301803005,40.3486540901,1010,Madrid,Alcorcón
-3.81065301803005,40.3486540901,1011,Madrid,Alcorcón
-3.72443262003003,40.3130792204,1012,Madrid,Getafe
-3.86413130258007,40.3195459334,1013,Madrid,Móstoles
-3.86477495589007,40.3193158793,1014,Madrid,Móstoles
-3.91845103200009,40.277374451,1015,Madrid,Arroyomolinos
-3.91845103200009,40.277374451,1016,Madrid,Arroyomolinos
-3.69055958736002,40.2087583982,1017,Madrid,Valdemoro
-3.85917952663007,40.3235681592,1018,Madrid,Móstoles
-3.85917952663007,40.3235681592,1019,Madrid,Móstoles
-3.86816842212007,40.3382408383,1020,Madrid,Móstoles
-3.86816842212007,40.3382408383,1021,Madrid,Móstoles
-4.00857869473015,40.2876492601999,1022,Madrid,Navalcarnero
-3.71902263852003,40.3141807553,1023,Madrid,Getafe
-3.80336634123005,40.2932145507,1024,Madrid,Fuenlabrada
-3.86239606142007,40.3203548405,1025,Madrid,Móstoles
-3.86192465241007,40.3203008218,1026,Madrid,Móstoles
-3.77553682155004,40.3761782576,1027,Madrid,Madrid
-3.85629868162006,40.3180646427,1028,Madrid,Móstoles
-3.85629868162006,40.3180646427,1029,Madrid,Móstoles
-3.85614256157006,40.3179559786,1030,Madrid,Móstoles
-3.85845682809006,40.3196846149,1031,Madrid,Móstoles
-3.85231569021006,40.315195787,1032,Madrid,Móstoles
-3.85190698452006,40.3151640708,1033,Madrid,Móstoles
-3.85554061887006,40.3141989396,1034,Madrid,Móstoles
-3.60919190368001,40.4518675504,1035,Madrid,Madrid
-3.86601046369007,40.3387286797,1036,Madrid,Móstoles
-3.86621766951007,40.3376481297,1037,Madrid,Móstoles
-3.69028636398002,40.1755505229,1038,Madrid,Valdemoro
-3.87029142183007,40.3224757808,1039,Madrid,Móstoles
-3.87029142183007,40.3224757808,1040,Madrid,Móstoles
-3.87029142183007,40.3224757808,1041,Madrid,Móstoles
-3.87029142183007,40.3224757808,1042,Madrid,Móstoles
-3.61215196170001,40.4444855492,1043,Madrid,Madrid
-3.61215196170001,40.4444855492,1044,Madrid,Madrid
-3.53824213580001,40.4266665753,1045,Madrid,Coslada
-3.64560358199002,40.5222283469,1046,Madrid,Alcobendas
-3.96466030976012,40.4932617004999,1047,Madrid,Villanueva del Pardillo
-3.87546699657007,40.4737494281,1048,Madrid,Majadahonda
-3.70447636896002,40.4210413828,1049,Madrid,Madrid
-3.61215196170001,40.4444855492,1050,Madrid,Madrid
-3.87649602140007,40.4741200166,1051,Madrid,Majadahonda
-3.87566892614007,40.4779906314,1052,Madrid,Majadahonda
-3.87576281031007,40.4783697392,1053,Madrid,Majadahonda
-3.87553770739007,40.4818899946,1054,Madrid,Majadahonda
-3.87452335722007,40.4740857224,1055,Madrid,Majadahonda
-3.87452335722007,40.4740857224,1056,Madrid,Majadahonda
-3.86000344629006,40.4708964674,1057,Madrid,Majadahonda
-3.86988036165007,40.4737995009,1058,Madrid,Majadahonda
-3.86988036165007,40.4737995009,1059,Madrid,Majadahonda
-3.86988036165007,40.4737995009,1060,Madrid,Majadahonda
-3.86988036165007,40.4737995009,1061,Madrid,Majadahonda
-3.87412819839007,40.4742349097,1062,Madrid,Majadahonda
-3.87384300402007,40.4741706804,1063,Madrid,Majadahonda
-3.87384300402007,40.4741706804,1064,Madrid,Majadahonda
-3.87365898175007,40.4741392658,1065,Madrid,Majadahonda
-3.67172425295002,40.4049934415,1066,Madrid,Madrid
-3.68789135174002,40.4623815428,1067,Madrid,Madrid
-3.87658416748007,40.4734514825,1068,Madrid,Majadahonda
-3.86702914573007,40.4567241337,1069,Madrid,Majadahonda
-3.56287395183001,40.4277207697,1070,Madrid,Coslada
-3.72260680211003,40.4745271736,1071,Madrid,Madrid
-3.9266133385901,40.3969112318999,1072,Madrid,Villaviciosa de Odón
-3.99813339160014,40.4472551794999,1073,Madrid,Villanueva de la Cañada
-3.87224577812007,40.4719841106,1074,Madrid,Majadahonda
-3.82145464275005,40.4708175426,1075,Madrid,Madrid
-3.82216371372005,40.4711725792,1076,Madrid,Madrid
-3.73776126824003,40.3653051052,1077,Madrid,Madrid
-3.87054066883007,40.4778651339,1078,Madrid,Majadahonda
-3.87027493439007,40.4777145862,1079,Madrid,Majadahonda
-3.99272646038013,40.6463447647999,1080,Madrid,Collado Villalba
-3.80313124519005,40.437679805,1081,Madrid,Pozuelo de Alarcón
-3.67348845231002,40.4622146526,1082,Madrid,Madrid
-3.87207661760007,40.4696238808,1083,Madrid,Majadahonda
-3.87063032980007,40.4708470158,1084,Madrid,Majadahonda
-3.87063032980007,40.4708470158,1085,Madrid,Majadahonda
-4.00093675321014,40.4456631290999,1086,Madrid,Villanueva de la Cañada
-3.60964577409001,40.4887905031,1087,Madrid,Madrid
-3.60964577409001,40.4887905031,1088,Madrid,Madrid
-3.67503080945002,40.4465385998,1089,Madrid,Madrid
-3.71256964749003,40.4156001485,1090,Madrid,Madrid
-3.88165965394007,40.4720339644,1091,Madrid,Majadahonda
-3.87952966113007,40.4701454767,1092,Madrid,Majadahonda
-3.70021039500002,40.486761017,1093,Madrid,Madrid
-3.70638536335002,40.4845265004,1094,Madrid,Madrid
-3.71084994288002,40.4352950976,1095,Madrid,Madrid
-3.62905441882001,40.4085057215,1096,Madrid,Madrid
-3.62905441882001,40.4085057215,1097,Madrid,Madrid
-3.88306763703007,40.4533555348,1098,Madrid,Majadahonda
-3.87302355795007,40.4694070821,1099,Madrid,Majadahonda
-3.73583861925003,40.387365563,1100,Madrid,Madrid
-3.76453758908004,40.672958303,1101,Madrid,Colmenar Viejo
-3.76453758908004,40.672958303,1102,Madrid,Colmenar Viejo
-3.86892041238007,40.4676084392,1103,Madrid,Majadahonda
-3.96936483100012,40.6034166629999,1104,Madrid,Galapagar
-3.96936483100012,40.6034166629999,1105,Madrid,Galapagar
-3.96936483100012,40.6034166629999,1106,Madrid,Galapagar
-3.70258139586002,40.4755285756,1107,Madrid,Madrid
-3.86282520432007,40.4515510472,1108,Madrid,Majadahonda
-3.86282520432007,40.4515510472,1109,Madrid,Majadahonda
-3.88408495368007,40.4739718028,1110,Madrid,Majadahonda
-3.88580229993008,40.4749727819,1111,Madrid,Majadahonda
-4.00655259285015,40.4465319359999,1112,Madrid,Villanueva de la Cañada
-4.00714365435014,40.4463205776999,1113,Madrid,Villanueva de la Cañada
-4.00714365435014,40.4463205776999,1114,Madrid,Villanueva de la Cañada
-3.87700964483007,40.4803735183,1115,Madrid,Majadahonda
-3.87700964483007,40.4803735183,1116,Madrid,Majadahonda
-3.87081443688007,40.4797306898,1117,Madrid,Majadahonda
-3.79850416254004,40.4553696316,1118,Madrid,Pozuelo de Alarcón
-3.79850416254004,40.4553696316,1119,Madrid,Pozuelo de Alarcón
-3.89906878386008,40.4100234345,1120,Madrid,Boadilla del Monte
-3.89906878386008,40.4100234345,1122,Madrid,Boadilla del Monte
-3.86980219051007,40.4722203442,1123,Madrid,Majadahonda
-3.86980219051007,40.4722203442,1124,Madrid,Majadahonda
-3.70868822873002,40.4164443949,1125,Madrid,Madrid
-3.74519993107003,40.4067425008,1126,Madrid,Madrid
-3.74519993107003,40.4067425008,1127,Madrid,Madrid
-3.74519993107003,40.4067425008,1128,Madrid,Madrid
-3.99240018859013,40.4465015310999,1129,Madrid,Villanueva de la Cañada
-3.84345033550006,40.4763281637,1130,Madrid,Majadahonda
-3.87266006507007,40.4780534825,1131,Madrid,Majadahonda
-3.96311605357012,40.4876685686,1132,Madrid,Villanueva del Pardillo
-3.96311605357012,40.4876685686,1133,Madrid,Villanueva del Pardillo
-3.96311605357012,40.4876685686,1134,Madrid,Villanueva del Pardillo
-3.87289916723007,40.4784494301,1135,Madrid,Majadahonda
-3.87375059631007,40.4730387481,1136,Madrid,Majadahonda
-3.87375059631007,40.4730387481,1137,Madrid,Majadahonda
-3.87295990525007,40.4744913736,1138,Madrid,Majadahonda
-3.87360672987007,40.473343085,1139,Madrid,Majadahonda
-3.75398998849003,40.3926121679,1140,Madrid,Madrid
-3.80767199863005,40.3457990811,1141,Madrid,Alcorcón
-3.80767199863005,40.3457990811,1142,Madrid,Alcorcón
-3.88100753858007,40.4897642814,1143,Madrid,Las Rozas de Madrid
-3.86057662525007,40.4461415064,1144,Madrid,Majadahonda
-3.87100250055007,40.4463624463,1145,Madrid,Majadahonda
-3.86612363344007,40.4462253169,1146,Madrid,Majadahonda
-3.86304599751007,40.4463631693,1147,Madrid,Majadahonda
-3.86680579679007,40.4464400284,1148,Madrid,Majadahonda
-3.86090133910007,40.4461508656,1149,Madrid,Majadahonda
-3.87377945700007,40.4755690697,1150,Madrid,Majadahonda
-3.89436928241008,40.4087605732,1151,Madrid,Boadilla del Monte
-3.62263988233001,40.543109487,1152,Madrid,San Sebastián de los Reyes
-3.62263988233001,40.543109487,1153,Madrid,San Sebastián de los Reyes
-3.62263988233001,40.543109487,1154,Madrid,San Sebastián de los Reyes
-3.62263988233001,40.543109487,1155,Madrid,San Sebastián de los Reyes
-3.62263988233001,40.543109487,1156,Madrid,San Sebastián de los Reyes
-3.88618079573008,40.4295127997,1157,Madrid,Boadilla del Monte
-4.00188052859014,40.4050779485999,1158,Madrid,Brunete
-4.00188052859014,40.4050779485999,1159,Madrid,Brunete
-3.86495349060007,40.4814872632,1160,Madrid,Las Rozas de Madrid
-3.86495349060007,40.4814872632,1161,Madrid,Las Rozas de Madrid
-3.86650218521007,40.4790515198,1162,Madrid,Majadahonda
-3.66680689827002,40.4784817984,1163,Madrid,Madrid
-3.66680689827002,40.4784817984,1164,Madrid,Madrid
-3.66680689827002,40.4784817984,1165,Madrid,Madrid
-3.77734155880004,40.2384537333,1166,Madrid,Parla
-3.76769320308004,40.3405179675,1167,Madrid,Leganés
-3.72969643342003,40.3837838154,1168,Madrid,Madrid
-3.86484717861007,40.4483627475,1169,Madrid,Majadahonda
-3.86189525422007,40.4482858125,1170,Madrid,Majadahonda
-3.86228086863007,40.448295525,1171,Madrid,Majadahonda
-3.86228086863007,40.448295525,1172,Madrid,Majadahonda
-3.66616986277002,40.4228560735,1173,Madrid,Madrid
-3.66616986277002,40.4228560735,1174,Madrid,Madrid
-3.65206032789002,40.4274832915,1175,Madrid,Madrid
-3.71980135728003,40.4300020847,1176,Madrid,Madrid
-3.99790627782014,40.4538446932999,1177,Madrid,Villanueva de la Cañada
-3.89565723945008,40.4099843593,1178,Madrid,Boadilla del Monte
-3.89727557102008,40.4241105895,1179,Madrid,Boadilla del Monte
-3.71514799774003,40.4762173903,1180,Madrid,Madrid
-3.88418212429007,40.4060185621,1181,Madrid,Boadilla del Monte
-3.68990192061002,40.4706279357,1182,Madrid,Madrid
-3.66676205270002,40.4516867803,1183,Madrid,Madrid
-3.66676205270002,40.4516867803,1184,Madrid,Madrid
-3.59368869030001,40.4746700111,1185,Madrid,Madrid
-3.87292339716007,40.478503233,1186,Madrid,Majadahonda
-3.87310934517007,40.4789251911,1187,Madrid,Majadahonda
-3.87310934517007,40.4789251911,1188,Madrid,Majadahonda
-3.87310934517007,40.4789251911,1189,Madrid,Majadahonda
-3.85858299680007,40.3265328253,1190,Madrid,Móstoles
-3.86835721986007,40.4710109683,1191,Madrid,Majadahonda
-3.62939101657001,40.4778927315,1192,Madrid,Madrid
-3.87631641612007,40.4697289027,1193,Madrid,Majadahonda
-3.87503733506007,40.4688177662,1194,Madrid,Majadahonda
-3.70506233336002,40.342739762,1195,Madrid,Madrid
-3.73361420355003,40.4803543197,1196,Madrid,Madrid
-3.68079947954002,40.4690368836,1197,Madrid,Madrid
-3.68079947954002,40.4690368836,1198,Madrid,Madrid
-4.00546190744014,40.4507397799999,1199,Madrid,Villanueva de la Cañada
-3.63874942710001,40.4423627271,1200,Madrid,Madrid
-3.96188464233011,40.4870310306999,1201,Madrid,Villanueva del Pardillo
-3.62313546977001,40.3990496719,1202,Madrid,Madrid
-3.83453710549006,40.3391842675,1203,Madrid,Alcorcón
-3.465404189,40.544264475,1204,Madrid,Daganzo de Arriba
-3.465404189,40.544264475,1205,Madrid,Daganzo de Arriba
-4.00388424521014,40.4462988248999,1206,Madrid,Villanueva de la Cañada
-4.00388424521014,40.4462988248999,1207,Madrid,Villanueva de la Cañada
-3.59296618376001,40.3651414214,1208,Madrid,Madrid
-3.63890094765001,40.4676028916,1209,Madrid,Madrid
-3.77529562270004,40.3953876062,1210,Madrid,Madrid
-3.87020780707007,40.4924839423,1211,Madrid,Las Rozas de Madrid
-3.76380767321004,40.394028069,1212,Madrid,Madrid
-3.76380767321004,40.394028069,1213,Madrid,Madrid
-3.76380767321004,40.394028069,1214,Madrid,Madrid
-3.65931386122002,40.4996377668,1215,Madrid,Madrid
-3.86452819642007,40.4669496826,1216,Madrid,Majadahonda
-3.86452819642007,40.4669496826,1217,Madrid,Majadahonda
-3.86452819642007,40.4669496826,1218,Madrid,Majadahonda
-3.62952723012001,40.475130951,1219,Madrid,Madrid
-3.86029369270006,40.4685287974,1220,Madrid,Majadahonda
-3.69499128127002,40.4926293293,1221,Madrid,Madrid
-4.19602874510035,40.3210469224998,1222,Madrid,Aldea del Fresno
-4.19602874510035,40.3210469224998,1223,Madrid,Aldea del Fresno
-3.70043067251002,40.4774499156,1224,Madrid,Madrid
-3.70043067251002,40.4774499156,1225,Madrid,Madrid
-3.70043067251002,40.4774499156,1226,Madrid,Madrid
-3.88478218837008,40.4998215964,1227,Madrid,Las Rozas de Madrid
-3.87289288982007,40.4735543802,1228,Madrid,Majadahonda
-3.88190929822007,40.4714006904,1229,Madrid,Majadahonda
-3.88190929822007,40.4714006904,1230,Madrid,Majadahonda
-3.88190929822007,40.4714006904,1231,Madrid,Majadahonda
-3.88190929822007,40.4714006904,1232,Madrid,Majadahonda
-3.88190929822007,40.4714006904,1233,Madrid,Majadahonda
-3.76608219445004,40.4489580268,1234,Madrid,Madrid
-3.99851730342014,40.4521815907999,1235,Madrid,Villanueva de la Cañada
-3.87251750820007,40.4714968243,1236,Madrid,Majadahonda
-3.85080834305006,40.4760727995,1237,Madrid,Majadahonda
-3.85080834305006,40.4760727995,1238,Madrid,Majadahonda
-3.71094540604002,40.3468394527,1239,Madrid,Madrid
-3.87463153122007,40.4717963967,1240,Madrid,Majadahonda
-3.482157864,40.509033299,1241,Madrid,Ajalvir
-3.86507312096007,40.454692155,1242,Madrid,Majadahonda
-3.69332175272002,40.46640914,1243,Madrid,Madrid
-3.99849559032014,40.4395954929999,1244,Madrid,Villanueva de la Cañada
-3.85877786322006,40.4827664657,1245,Madrid,Las Rozas de Madrid
-3.90889755212009,40.5158955641,1246,Madrid,Las Rozas de Madrid
-3.90957697421009,40.515298524,1247,Madrid,Las Rozas de Madrid
-3.90957697421009,40.515298524,1248,Madrid,Las Rozas de Madrid
-3.66641776771002,40.4534176132,1249,Madrid,Madrid
-3.85087803405006,40.4710379569,1250,Madrid,Majadahonda
-3.85087803405006,40.4710379569,1251,Madrid,Majadahonda
-3.85087803405006,40.4710379569,1252,Madrid,Majadahonda
-3.85087803405006,40.4710379569,1253,Madrid,Majadahonda
-3.85239870601006,40.4709468108,1254,Madrid,Las Rozas de Madrid
-3.85239870601006,40.4709468108,1255,Madrid,Las Rozas de Madrid
-3.85239870601006,40.4709468108,1256,Madrid,Las Rozas de Madrid
-3.70401972930002,40.4611871751,1257,Madrid,Madrid
-3.62467684147001,40.1604849886,1258,Madrid,Ciempozuelos
-3.86895159235007,40.4805522979,1259,Madrid,Majadahonda
-3.68164249774002,40.4379088565,1260,Madrid,Madrid
-3.68190510427002,40.4369017913,1261,Madrid,Madrid
-3.75419232971003,40.3858916682,1262,Madrid,Madrid
-3.85112766948006,40.4539652621,1263,Madrid,Majadahonda
-3.85224800135006,40.4740370453,1264,Madrid,Majadahonda
-3.69613605994002,40.4727592708,1265,Madrid,Madrid
-4.00937655601015,40.4489003222999,1266,Madrid,Villanueva de la Cañada
-3.71101456007003,40.4109369549,1267,Madrid,Madrid
-3.67701381083002,40.4301202408,1268,Madrid,Madrid
-3.68441301479002,40.4772577776,1269,Madrid,Madrid
-3.96318561030012,40.4871566595999,1270,Madrid,Villanueva del Pardillo
-3.77969803268004,40.4578101498,1271,Madrid,Madrid
-3.96536150518012,40.4951424296999,1272,Madrid,Villanueva del Pardillo
-3.86948777833007,40.4769735994999,1273,Madrid,Majadahonda
-3.86999948839007,40.4766836973,1274,Madrid,Majadahonda
-3.68735429055002,40.4568269641,1275,Madrid,Madrid
-3.86960874131007,40.4767085177,1276,Madrid,Majadahonda
-3.86960874131007,40.4767085177,1277,Madrid,Majadahonda
-3.86912259265007,40.4766196619,1278,Madrid,Majadahonda
-3.62378178529001,40.4577984422,1279,Madrid,Madrid
-3.96742805910012,40.4942612327999,1280,Madrid,Villanueva del Pardillo
-3.74224682402003,40.3821943033,1281,Madrid,Madrid
-3.78823659258004,40.2807417754,1282,Madrid,Fuenlabrada
-3.78823659258004,40.2807417754,1283,Madrid,Fuenlabrada
-3.96742805910012,40.4942612327999,1284,Madrid,Villanueva del Pardillo
-3.86574889011007,40.3276535088,1285,Madrid,Móstoles
-3.86969435712007,40.3216508696,1286,Madrid,Móstoles
-3.86966143330007,40.3218317503,1287,Madrid,Móstoles
-3.86979140132007,40.3217558635,1288,Madrid,Móstoles
-3.84624524171006,40.477208466,1289,Madrid,Majadahonda
-3.84614035611006,40.4773297901,1290,Madrid,Majadahonda
-3.84604602306006,40.4774386707,1291,Madrid,Majadahonda
-3.84624524171006,40.477208466,1292,Madrid,Majadahonda
-3.84614035611006,40.4773297901,1293,Madrid,Majadahonda
-3.9335178053101,40.3100715149999,1294,Madrid,Móstoles
-3.86791426623007,40.3184916947,1295,Madrid,Móstoles
-3.87574723820007,40.3112145343,1296,Madrid,Móstoles
-3.77873418969004,40.5224517692,1297,Madrid,Madrid
-3.65918223666002,40.5556965359,1298,Madrid,Alcobendas
-3.86405245650007,40.3332884962,1299,Madrid,Móstoles
-3.86405245650007,40.3332884962,1300,Madrid,Móstoles
-3.86365473206007,40.3295831968,1301,Madrid,Móstoles
-3.69031645387002,40.4494434895,1302,Madrid,Madrid
-3.72352696013003,40.4234501628,1303,Madrid,Madrid
-3.86149112103007,40.3399266852,1304,Madrid,Móstoles
-3.86149112103007,40.3399266852,1305,Madrid,Móstoles
-3.63815533012001,40.9968519625,1306,Madrid,Buitrago del Lozoya
-3.9332108007001,40.3109657143999,1307,Madrid,Móstoles
-3.9332108007001,40.3109657143999,1308,Madrid,Móstoles
-3.80661850083005,40.2822022064,1309,Madrid,Fuenlabrada
-3.80661850083005,40.2822022064,1310,Madrid,Fuenlabrada
-3.80661850083005,40.2822022064,1311,Madrid,Fuenlabrada
-3.64252832138001,40.5094160672,1312,Madrid,Alcobendas
-3.64252832138001,40.5094160672,1313,Madrid,Alcobendas
-3.64252832138001,40.5094160672,1314,Madrid,Alcobendas
-3.64252832138001,40.5094160672,1315,Madrid,Alcobendas
-3.80995073705005,40.2837704881,1316,Madrid,Fuenlabrada
-3.48359523832,40.4562700165,1317,Madrid,Torrejón de Ardoz
-3.88573734843008,40.3988431629,1318,Madrid,Boadilla del Monte
-3.68429319447002,40.3410683676,1319,Madrid,Madrid
-3.61764870807001,40.4508554059,1322,Madrid,Madrid
-3.61764870807001,40.4508554059,1323,Madrid,Madrid
-3.78440255477004,40.4092289828,1324,Madrid,Pozuelo de Alarcón
-3.97285555725012,40.4247447384999,1325,Madrid,Villanueva de la Cañada
-3.9275051564201,40.3806213538,1326,Madrid,Villaviciosa de Odón
-3.9275051564201,40.3806213538,1327,Madrid,Villaviciosa de Odón
-3.89244886509008,40.4459518215,1328,Madrid,Boadilla del Monte
-3.88949930863008,40.4472350363,1329,Madrid,Boadilla del Monte
-3.88949930863008,40.4472350363,1330,Madrid,Boadilla del Monte
-3.90211548652008,40.4470365585999,1331,Madrid,Boadilla del Monte
-3.90211548652008,40.4470365585999,1332,Madrid,Boadilla del Monte
-3.90211548652008,40.4470365585999,1333,Madrid,Boadilla del Monte
-3.86008359993006,40.3178918918,1334,Madrid,Móstoles
-3.86008359993006,40.3178918918,1335,Madrid,Móstoles
-4.01648121800015,40.2926479349999,1336,Madrid,Navalcarnero
-4.01648121800015,40.2926479349999,1337,Madrid,Navalcarnero
-3.81305159944005,40.3536689336,1338,Madrid,Alcorcón
-4.01512597577015,40.2927750863999,1339,Madrid,Navalcarnero
-4.01512597577015,40.2927750863999,1340,Madrid,Navalcarnero
-3.87111630705007,40.475109153,1341,Madrid,Majadahonda
-3.87406280300007,40.4728797828,1342,Madrid,Majadahonda
-3.87503733506007,40.4688177662,1343,Madrid,Majadahonda
-3.84977882417006,40.3196581247,1344,Madrid,Móstoles
-3.78312919580004,40.2944301134,1345,Madrid,Fuenlabrada
-3.85145323613006,40.3189259712,1346,Madrid,Móstoles
-3.85145323613006,40.3189259712,1347,Madrid,Móstoles
-3.87522982184007,40.4724158248999,1348,Madrid,Majadahonda
-3.87522982184007,40.4724158248999,1349,Madrid,Majadahonda
-3.87522982184007,40.4724158248999,1350,Madrid,Majadahonda
-3.87522982184007,40.4724158248999,1351,Madrid,Majadahonda
-4.00283284733014,40.4505451745999,1352,Madrid,Villanueva de la Cañada
-3.87503733506007,40.4688177662,1353,Madrid,Majadahonda
-3.87503733506007,40.4688177662,1354,Madrid,Majadahonda
-3.85005878764006,40.3200439049,1355,Madrid,Móstoles
-3.72018685288003,40.4823938293,1356,Madrid,Madrid
-3.72018685288003,40.4823938293,1357,Madrid,Madrid
-3.81479279987005,40.355070238,1358,Madrid,Alcorcón
-3.86307118696007,40.3255819283,1359,Madrid,Móstoles
-3.86259321999007,40.3255269657,1360,Madrid,Móstoles
-3.86259321999007,40.3255269657,1361,Madrid,Móstoles
-3.85993391728006,40.4784211969,1362,Madrid,Majadahonda
-3.86307118696007,40.3255819283,1363,Madrid,Móstoles
-3.85250163417006,40.4550944862,1364,Madrid,Majadahonda
-3.70658047539002,40.4245593427,1365,Madrid,Madrid
-3.70658047539002,40.4245593427,1366,Madrid,Madrid
-3.91165926231009,40.362309622,1367,Madrid,Villaviciosa de Odón
-3.87687364226007,40.4766363045,1368,Madrid,Majadahonda
-3.87741183994007,40.4777727349,1369,Madrid,Majadahonda
-3.86261676599007,40.3256041725,1370,Madrid,Móstoles
-3.63749691920001,40.3922509473,1371,Madrid,Madrid
-3.72626676894003,40.4444821753,1372,Madrid,Madrid
-3.72602288062003,40.4430954873,1373,Madrid,Madrid
-3.78216743478004,40.4565908126,1374,Madrid,Madrid
-3.72030215727003,40.4127050419,1375,Madrid,Madrid
-3.96594017600012,40.4951514989999,1376,Madrid,Villanueva del Pardillo
-3.73745772343003,40.4030284048,1377,Madrid,Madrid
-3.96771118118012,40.5021583822999,1378,Madrid,Villanueva del Pardillo
-3.72088080911003,40.4127334714,1379,Madrid,Madrid
-3.96417265277012,40.4951466337999,1380,Madrid,Villanueva del Pardillo
-3.69706840853002,40.3496558491,1381,Madrid,Madrid
-3.96136283957011,40.4868129067999,1382,Madrid,Villanueva del Pardillo
-3.95936180671011,40.4873668888999,1383,Madrid,Villanueva del Pardillo
-3.95936180671011,40.4873668888999,1384,Madrid,Villanueva del Pardillo
-3.96136283957011,40.4868129067999,1385,Madrid,Villanueva del Pardillo
-3.95733373477011,40.4883245977999,1386,Madrid,Villanueva del Pardillo
-3.85891615143006,40.4566692696,1387,Madrid,Majadahonda
-3.86216718478007,40.4760830016,1388,Madrid,Majadahonda
-3.86113454165006,40.4761496988,1389,Madrid,Majadahonda
-3.69120253716002,40.3675285927,1390,Madrid,Madrid
-3.69120253716002,40.3675285927,1391,Madrid,Madrid
-3.69120253716002,40.3675285927,1392,Madrid,Madrid
-3.85121006460006,40.4719207719,1393,Madrid,Majadahonda
-3.85117759831006,40.4720417823,1394,Madrid,Majadahonda
-3.85117759831006,40.4720417823,1395,Madrid,Majadahonda
-3.85117759831006,40.4720417823,1396,Madrid,Majadahonda
-3.85117759831006,40.4720417823,1397,Madrid,Majadahonda
-3.87332310436007,40.4660127205,1398,Madrid,Majadahonda
-3.87332310436007,40.4660127205,1399,Madrid,Majadahonda
-3.87332310436007,40.4660127205,1400,Madrid,Majadahonda
-3.87332310436007,40.4660127205,1401,Madrid,Majadahonda
-3.72504608312003,40.4136704022,1402,Madrid,Madrid
-3.60585375758001,40.420845034,1403,Madrid,Madrid
-3.60585375758001,40.420845034,1404,Madrid,Madrid
-3.60585375758001,40.420845034,1405,Madrid,Madrid
-3.86640447626007,40.3337289358,1406,Madrid,Móstoles
-3.87175603133007,40.4688578175,1407,Madrid,Majadahonda
-3.87309379322007,40.4686590171,1408,Madrid,Majadahonda
-3.87440667254007,40.4686025312,1409,Madrid,Majadahonda
-3.87440667254007,40.4686025312,1410,Madrid,Majadahonda
-3.87440667254007,40.4686025312,1411,Madrid,Majadahonda
-3.74793306418003,40.379061868,1412,Madrid,Madrid
-3.74793306418003,40.379061868,1413,Madrid,Madrid
-3.72517768617003,40.3116040596,1414,Madrid,Getafe
-3.66781360664002,40.4491924089,1415,Madrid,Madrid
-3.96659207645012,40.4893951171999,1416,Madrid,Villanueva del Pardillo
-3.87069949353007,40.4727355906,1417,Madrid,Majadahonda
-3.87069949353007,40.4727355906,1418,Madrid,Majadahonda
-3.96640143052012,40.4888018821999,1419,Madrid,Villanueva del Pardillo
-3.87691930981007,40.4724648588,1420,Madrid,Majadahonda
-3.87691930981007,40.4724648588,1421,Madrid,Majadahonda
-3.87691930981007,40.4724648588,1422,Madrid,Majadahonda
-3.87643360746007,40.4723694769,1423,Madrid,Majadahonda
-3.87706988440007,40.4723708904,1424,Madrid,Majadahonda
-3.87706988440007,40.4723708904,1425,Madrid,Majadahonda
-3.87706988440007,40.4723708904,1426,Madrid,Majadahonda
-3.87706988440007,40.4723708904,1427,Madrid,Majadahonda
-3.96556242000012,40.4891587579999,1428,Madrid,Villanueva del Pardillo
-3.67587942628002,40.5058491426,1429,Madrid,Madrid
-3.67587942628002,40.5058491426,1430,Madrid,Madrid
-3.87669133852007,40.4739347336,1431,Madrid,Majadahonda
-3.87669133852007,40.4739347336,1432,Madrid,Majadahonda
-3.87567625779007,40.472322844,1433,Madrid,Majadahonda
-3.87565730998007,40.4725769451,1434,Madrid,Majadahonda
-3.87565730998007,40.4725769451,1435,Madrid,Majadahonda
-3.87703350119007,40.4729172599,1436,Madrid,Majadahonda
-3.87703350119007,40.4729172599,1437,Madrid,Majadahonda
-3.87868435858007,40.4729422041,1438,Madrid,Majadahonda
-3.87993883766007,40.4728852677,1439,Madrid,Majadahonda
-3.87993883766007,40.4728852677,1440,Madrid,Majadahonda
-3.87862227105007,40.4731246876,1441,Madrid,Majadahonda
-3.87005916248007,40.4724013655,1442,Madrid,Majadahonda
-3.87005916248007,40.4724013655,1443,Madrid,Majadahonda
-3.86953774905007,40.4725544386,1444,Madrid,Majadahonda
-3.86999829984007,40.4692853357,1445,Madrid,Majadahonda
-3.86870150025007,40.4817733472,1446,Madrid,Majadahonda
-3.87166582678007,40.4693066935,1447,Madrid,Majadahonda
-3.87166582678007,40.4693066935,1448,Madrid,Majadahonda
-3.87219637294007,40.4707220433,1449,Madrid,Majadahonda
-3.87301271614007,40.4717132009,1450,Madrid,Majadahonda
-3.87301271614007,40.4717132009,1451,Madrid,Majadahonda
-3.87128579935007,40.4735863186,1452,Madrid,Majadahonda
-3.87098715870007,40.473107893,1453,Madrid,Majadahonda
-3.94860796900011,40.4893881359999,1454,Madrid,Villanueva del Pardillo
-3.94860796900011,40.4893881359999,1455,Madrid,Villanueva del Pardillo
-3.9444766900001,40.4847354439999,1456,Madrid,Villanueva del Pardillo
-3.66177295495002,40.4020797524,1457,Madrid,Madrid
-3.87814742158007,40.4695484875,1459,Madrid,Majadahonda
-3.87598582418007,40.4688694411,1460,Madrid,Majadahonda
-3.87859087135007,40.4704129231,1461,Madrid,Majadahonda
-3.87859087135007,40.4704129231,1462,Madrid,Majadahonda
-3.87859087135007,40.4704129231,1463,Madrid,Majadahonda
-3.89378661166008,40.4022167562999,1464,Madrid,Boadilla del Monte
-3.89378661166008,40.4022167562999,1465,Madrid,Boadilla del Monte
-3.89378661166008,40.4022167562999,1466,Madrid,Boadilla del Monte
-3.96188353031011,40.4948328297999,1467,Madrid,Villanueva del Pardillo
-3.72294828417003,40.4451896,1468,Madrid,Madrid
-3.72294828417003,40.4451896,1469,Madrid,Madrid
-3.72294828417003,40.4451896,1470,Madrid,Madrid
-3.67077976327002,40.5022397271,1471,Madrid,Madrid
-3.67077976327002,40.5022397271,1472,Madrid,Madrid
-3.67077976327002,40.5022397271,1473,Madrid,Madrid
-3.66862880810002,40.5045304921,1474,Madrid,Madrid
-3.63263338618001,40.4285586412,1475,Madrid,Madrid
-3.70556464281002,40.4048786836,1476,Madrid,Madrid
-3.70556464281002,40.4048786836,1477,Madrid,Madrid
-3.70556464281002,40.4048786836,1478,Madrid,Madrid
-3.86049020977006,40.4543133786,1479,Madrid,Majadahonda
-3.86049020977006,40.4543133786,1480,Madrid,Majadahonda
-3.64081854315001,40.4604512126,1481,Madrid,Madrid
-3.86830427152007,40.4914520553,1482,Madrid,Las Rozas de Madrid
-3.68511070568002,40.4486300777,1483,Madrid,Madrid
-3.78612804904004,40.4499845795,1484,Madrid,Madrid
-3.67203927143002,40.4632463355,1485,Madrid,Madrid
-3.69055958736002,40.2087583982,1486,Madrid,Valdemoro
-3.79326428814004,40.4061353133,1487,Madrid,Pozuelo de Alarcón
-3.79538808207004,40.4068293902,1488,Madrid,Pozuelo de Alarcón
-3.85986095175007,40.3240089069,1489,Madrid,Móstoles
-3.96329047100012,40.4882555989999,1490,Madrid,Villanueva del Pardillo
-3.96329047100012,40.4882555989999,1491,Madrid,Villanueva del Pardillo
-3.87221964032007,40.470914711,1492,Madrid,Majadahonda
-3.85013049169006,40.4765337565,1493,Madrid,Majadahonda
-3.86232239571007,40.4717049681,1494,Madrid,Majadahonda
-3.85293828324006,40.4783161662,1495,Madrid,Majadahonda
-3.87554222140007,40.4692154972,1496,Madrid,Majadahonda
-3.87598776584007,40.471717756,1497,Madrid,Majadahonda
-3.87407094295007,40.4715128452,1498,Madrid,Majadahonda
-3.87407094295007,40.4715128452,1499,Madrid,Majadahonda
-3.98511736635013,40.6450040147999,1500,Madrid,Collado Villalba
-3.98511736635013,40.6450040147999,1501,Madrid,Collado Villalba
-3.87292339716007,40.478503233,1502,Madrid,Majadahonda
-3.99871415590014,40.4435209862999,1503,Madrid,Villanueva de la Cañada
-3.99871415590014,40.4435209862999,1504,Madrid,Villanueva de la Cañada
-3.99871415590014,40.4435209862999,1505,Madrid,Villanueva de la Cañada
-3.83670463715006,40.3140103526,1506,Madrid,Fuenlabrada
-3.99802098125014,40.4444888129999,1507,Madrid,Villanueva de la Cañada
-3.99871415590014,40.4435209862999,1508,Madrid,Villanueva de la Cañada
-3.99871415590014,40.4435209862999,1509,Madrid,Villanueva de la Cañada
-3.87676632562007,40.4753210407,1510,Madrid,Majadahonda
-3.67114049144002,40.4024750604,1511,Madrid,Madrid
-3.67114049144002,40.4024750604,1512,Madrid,Madrid
-3.67114049144002,40.4024750604,1513,Madrid,Madrid
-3.67257668589002,40.4028924249,1514,Madrid,Madrid
-3.89147424256008,40.4347800315,1515,Madrid,Boadilla del Monte
-3.96773971500012,40.4956332779999,1516,Madrid,Villanueva del Pardillo
-3.96542021252012,40.4917910404999,1517,Madrid,Villanueva del Pardillo
-3.96542021252012,40.4917910404999,1518,Madrid,Villanueva del Pardillo
-3.96542021252012,40.4917910404999,1519,Madrid,Villanueva del Pardillo
-3.61769466981001,40.1585299463,1520,Madrid,Ciempozuelos
-3.70834946773003,40.4365813701,1521,Madrid,Madrid
-3.95824729315011,40.4165355576999,1522,Madrid,Villanueva de la Cañada
-3.95824729315011,40.4165355576999,1523,Madrid,Villanueva de la Cañada
-3.95824729315011,40.4165355576999,1524,Madrid,Villanueva de la Cañada
-3.86645035902007,40.452779541,1525,Madrid,Majadahonda
-3.86645035902007,40.452779541,1526,Madrid,Majadahonda
-3.86645035902007,40.452779541,1527,Madrid,Majadahonda
-3.86645035902007,40.452779541,1528,Madrid,Majadahonda
-3.68297347673002,40.4419791046,1529,Madrid,Madrid
-3.78382501339004,40.4545400849,1530,Madrid,Madrid
-3.87032496260007,40.4744574657,1531,Madrid,Majadahonda
-3.87032496260007,40.4744574657,1532,Madrid,Majadahonda
-3.99678586786014,40.4443542122999,1533,Madrid,Villanueva de la Cañada
-3.80649175900005,40.4311452667,1534,Madrid,Pozuelo de Alarcón
-3.72479915242003,40.3819019717,1535,Madrid,Madrid
-3.60737287174001,40.4071340973,1536,Madrid,Madrid
-3.87613311137007,40.4709032901,1537,Madrid,Majadahonda
-3.85981226192006,40.4785556078,1538,Madrid,Majadahonda
-3.85981226192006,40.4785556078,1539,Madrid,Majadahonda
-3.85981226192006,40.4785556078,1540,Madrid,Majadahonda
-3.69032562048002,40.4874840477,1541,Madrid,Madrid
-3.87949383519007,40.4758669914,1542,Madrid,Majadahonda
-3.88074650157007,40.4764666559999,1543,Madrid,Majadahonda
-3.88074650157007,40.4764666559999,1544,Madrid,Majadahonda
-3.88074650157007,40.4764666559999,1545,Madrid,Majadahonda
-3.88074650157007,40.4764666559999,1546,Madrid,Majadahonda
-3.86366546871007,40.4530403491,1547,Madrid,Majadahonda
-3.86401437919007,40.4542833176,1548,Madrid,Majadahonda
